0,0,5803,7181
1,1,6529,4276
2,2,8717,2234
3,3,8678,183
4,4,2724,6645
5,5,2689,4173
6,6,7566,1508
7,7,132,5103
8,8,7952,4142
9,9,6618,8323
10,10,7985,1706
11,11,3677,9777
12,12,5916,2244
13,13,7466,9962
14,14,6445,6836
15,15,3551,5566
16,16,5398,9630
17,17,4674,2604
18,18,6819,6468
19,19,1850,7844
20,20,165,5179
21,21,6178,2489
22,22,2517,2321
23,23,8377,3317
24,24,2917,9185
25,25,7156,1814
26,26,4787,7554
27,27,9674,6110
28,28,4861,1390
29,29,8016,5239
30,30,7697,5475
31,31,6429,1308
32,32,3854,3940
33,33,8299,6404
34,34,1657,2539
35,35,2869,1000
36,36,4369,6403
37,37,6519,7250
38,38,2156,7011
39,39,1112,2289
40,40,5775,9460
41,41,518,7818
42,42,7884,6984
43,43,6148,3827
44,44,4790,5643
45,45,4634,1586
46,46,8009,3484
47,47,4162,3002
48,48,7030,2158
49,49,3418,8535
50,50,8951,8949
51,51,436,4485
52,52,5939,5948
53,53,589,7657
54,54,6456,3645
55,55,591,1939
56,56,3767,9757
57,57,8225,3646
58,58,2424,6007
59,59,8685,1843
60,60,5822,5837
61,61,563,1430
62,62,4833,2127
63,63,2952,9657
64,64,9620,3251
65,65,177,3447
66,66,7532,7384
67,67,2637,41
68,68,6460,1224
69,69,5596,7112
70,70,7213,4980
71,71,7793,7034
72,72,3612,6783
73,73,3232,4774
74,74,3142,5810
75,75,7720,8044
76,76,6890,1228
77,77,1912,7285
78,78,472,3031
79,79,5838,1606
80,80,4152,6627
81,81,718,3380
82,82,7976,6698
83,83,9788,576
84,84,7158,8857
85,85,2457,7342
86,86,7068,9112
87,87,8227,8760
88,88,3195,3126
89,89,3062,6827
90,90,7637,3301
91,91,2188,8629
92,92,7004,8914
93,93,5189,5232
94,94,1568,2923
95,95,4528,4600
96,96,5647,2140
97,97,7894,1921
98,98,5382,2479
99,99,8133,8625
100,100,5808,9445
101,101,1139,3926
102,102,1998,6499
103,103,7929,2368
104,104,8645,4493
105,105,5230,7997
106,106,3407,1373
107,107,1312,8269
108,108,3214,1765
109,109,2518,2704
110,110,232,2009
111,111,1471,1766
112,112,8656,7121
113,113,3872,9893
114,114,1033,1176
115,115,7283,6894
116,116,4388,8018
117,117,1868,7487
118,118,5538,9695
119,119,8100,5690
120,120,8258,2803
121,121,7370,126
122,122,7891,4363
123,123,2445,5658
124,124,5954,6765
125,125,4740,4009
126,126,867,6913
127,127,9772,8268
128,128,3324,4204
129,129,1735,8379
130,130,206,5928
131,131,7221,6957
132,132,2914,5050
133,133,1489,3913
134,134,6627,2641
135,135,3763,27
136,136,6025,8137
137,137,6049,6982
138,138,2052,2501
139,139,4158,863
140,140,5336,7254
141,141,5298,5233
142,142,7363,6711
143,143,4957,1517
144,144,3236,8677
145,145,572,199
146,146,6722,6886
147,147,7070,2305
148,148,1978,4325
149,149,3446,917
150,150,5089,2982
151,151,4805,6243
152,152,1371,1256
153,153,4875,8556
154,154,5043,8233
155,155,4209,8469
156,156,3390,2312
157,157,8522,8348
158,158,606,3736
159,159,9375,4315
160,160,1153,7863
161,161,6801,6347
162,162,8937,417
163,163,4499,2789
164,164,7168,8155
165,165,2854,8655
166,166,3114,9367
167,167,708,9517
168,168,6798,1318
169,169,6503,9823
170,170,9203,1723
171,171,3723,4899
172,172,8836,2182
173,173,1939,9027
174,174,2665,1705
175,175,991,5888
176,176,902,8424
177,177,1043,2057
178,178,3745,8014
179,179,2812,6105
180,180,486,9625
181,181,257,5950
182,182,3264,5861
183,183,4895,4826
184,184,8304,4712
185,185,6961,1116
186,186,1846,1353
187,187,847,7848
188,188,9906,1161
189,189,9820,2971
190,190,5963,1345
191,191,1333,8313
192,192,4308,6424
193,193,2629,8870
194,194,7974,8831
195,195,5317,2068
196,196,2045,1263
197,197,8264,4376
198,198,3159,446
199,199,6007,3458
200,200,7595,5458
201,201,4300,752
202,202,3422,4344
203,203,3584,5476
204,204,4246,3012
205,205,3669,8853
206,206,7628,6522
207,207,4024,4230
208,208,9908,3682
209,209,7187,579
210,210,3808,9372
211,211,2444,2687
212,212,3258,7291
213,213,6668,5040
214,214,6963,9069
215,215,7641,714
216,216,7176,9754
217,217,4420,8010
218,218,9815,3350
219,219,6661,2337
220,220,4223,3885
221,221,6967,4536
222,222,7301,9666
223,223,1135,7840
224,224,7651,8521
225,225,1560,2336
226,226,8415,9042
227,227,7523,5252
228,228,961,8605
229,229,9373,2810
230,230,5623,1199
231,231,5295,9401
232,232,49,5631
233,233,6694,333
234,234,644,2867
235,235,9019,4399
236,236,7522,339
237,237,7149,1377
238,238,7405,5572
239,239,3959,8711
240,240,3624,6922
241,241,8295,6852
242,242,2743,2695
243,243,8476,5602
244,244,696,5007
245,245,6900,978
246,246,3247,8501
247,247,4411,6754
248,248,1885,7451
249,249,3349,8380
250,250,5604,6533
251,251,8711,8829
252,252,4794,8295
253,253,4546,3487
254,254,618,3273
255,255,6446,6304
256,256,1373,342
257,257,1227,5108
258,258,2694,1986
259,259,6785,8761
260,260,5494,9423
261,261,4923,2549
262,262,4339,8145
263,263,9519,5092
264,264,4210,7764
265,265,9749,3410
266,266,3545,4300
267,267,8498,7792
268,268,1256,2125
269,269,7817,455
270,270,8974,3586
271,271,7119,1871
272,272,7139,3123
273,273,8495,3560
274,274,3783,7261
275,275,3963,4469
276,276,3230,6152
277,277,5275,1741
278,278,2635,6571
279,279,6317,7107
280,280,318,7424
281,281,9559,7003
282,282,8935,3465
283,283,2610,311
284,284,5809,8565
285,285,4142,9395
286,286,3241,6192
287,287,5205,3282
288,288,6041,4627
289,289,2939,7615
290,290,2633,9215
291,291,6833,7293
292,292,5253,3081
293,293,44,593
294,294,2314,5195
295,295,6227,159
296,296,797,4943
297,297,7800,1458
298,298,5276,2596
299,299,2973,2632
300,300,7779,6845
301,301,5267,1659
302,302,5159,7308
303,303,8197,8296
304,304,2913,1601
305,305,8842,4955
306,306,4657,406
307,307,8910,4974
308,308,8458,9922
309,309,688,9462
310,310,5138,8276
311,311,1750,3263
312,312,3501,4687
313,313,701,1714
314,314,838,726
315,315,2337,694
316,316,6452,9443
317,317,8006,6561
318,318,5558,1334
319,319,3762,890
320,320,7318,4028
321,321,6758,3072
322,322,1838,7897
323,323,1791,802
324,324,1157,3825
325,325,2421,7169
326,326,4866,6530
327,327,7503,1125
328,328,2380,7278
329,329,5400,6294
330,330,952,7116
331,331,6428,5020
332,332,4997,2282
333,333,3733,1532
334,334,3297,9702
335,335,8971,3796
336,336,8185,4533
337,337,4496,2702
338,338,4031,9328
339,339,7581,6028
340,340,4806,6208
341,341,9421,6615
342,342,2446,9766
343,343,2660,5946
344,344,331,2981
345,345,5166,895
346,346,2551,7436
347,347,3370,1524
348,348,5024,5899
349,349,2413,6560
350,350,819,8858
351,351,8346,9139
352,352,2613,9812
353,353,9535,2111
354,354,1947,6377
355,355,4764,8509
356,356,8022,65
357,357,2546,8023
358,358,6955,7439
359,359,998,7751
360,360,2983,5091
361,361,1497,4273
362,362,3414,3396
363,363,8583,1452
364,364,2034,1043
365,365,2130,158
366,366,6577,7120
367,367,2108,6019
368,368,546,7951
369,369,9226,5024
370,370,9507,2640
371,371,75,7706
372,372,2179,9109
373,373,6671,675
374,374,8570,969
375,375,5322,2518
376,376,9727,6384
377,377,6893,2626
378,378,1300,8334
379,379,7570,9095
380,380,2825,2419
381,381,2998,1207
382,382,4629,2391
383,383,6221,3354
384,384,6217,301
385,385,3831,1054
386,386,2106,8437
387,387,8548,3849
388,388,5097,5581
389,389,4849,252
390,390,8674,6012
391,391,9890,5663
392,392,8700,1669
393,393,2655,3300
394,394,4126,4301
395,395,313,2495
396,396,2376,1876
397,397,459,4144
398,398,5990,7217
399,399,4312,9633
400,400,89,2930
401,401,7460,36
402,402,2512,4151
403,403,5240,2998
404,404,9265,2067
405,405,3777,7612
406,406,2935,7735
407,407,6095,1761
408,408,4677,2444
409,409,7022,9903
410,410,9854,4051
411,411,3009,249
412,412,6739,2600
413,413,7130,3624
414,414,2581,1971
415,415,3198,4734
416,416,1935,2689
417,417,1126,457
418,418,8438,4722
419,419,5868,1437
420,420,9045,6052
421,421,7878,8256
422,422,2245,9494
423,423,398,6699
424,424,8591,5415
425,425,7757,9531
426,426,2585,4057
427,427,4212,7568
428,428,1349,5230
429,429,1555,6434
430,430,9340,2394
431,431,502,7562
432,432,1143,4733
433,433,7268,7392
434,434,6646,7098
435,435,8444,6213
436,436,2028,6574
437,437,464,5920
438,438,7616,8786
439,439,7018,7987
440,440,883,4127
441,441,9536,5975
442,442,1804,8989
443,443,1788,524
444,444,6005,2777
445,445,2502,5448
446,446,4391,3279
447,447,4179,3387
448,448,5548,4567
449,449,4026,3305
450,450,6639,9994
451,451,9939,8498
452,452,4651,568
453,453,6857,4903
454,454,369,9448
455,455,561,4366
456,456,1340,2892
457,457,4091,1880
458,458,9760,7980
459,459,120,7956
460,460,21,8059
461,461,4836,187
462,462,6077,879
463,463,2774,2156
464,464,5353,8076
465,465,7584,4248
466,466,8108,9693
467,467,7905,4318
468,468,9818,8763
469,469,1334,8662
470,470,8369,6300
471,471,8151,4837
472,472,5944,8525
473,473,1873,9741
474,474,6650,8729
475,475,1670,4835
476,476,4908,2439
477,477,5258,5247
478,478,9917,5116
479,479,3004,1153
480,480,7804,4099
481,481,8654,2094
482,482,4834,5445
483,483,2417,5026
484,484,9866,6365
485,485,6050,7642
486,486,2816,8448
487,487,7123,60
488,488,6815,3156
489,489,8802,1749
490,490,2377,9143
491,491,5431,4010
492,492,2092,8943
493,493,9974,9076
494,494,8083,3959
495,495,830,173
496,496,2907,2589
497,497,9954,9249
498,498,1954,3797
499,499,279,9209
500,500,8196,1781
501,501,6239,4259
502,502,8372,9647
503,503,7911,5935
504,504,2904,1029
505,505,1445,3268
506,506,8849,8688
507,507,5600,8839
508,508,6132,1258
509,509,6974,5258
510,510,7304,4970
511,511,2748,4048
512,512,6343,9324
513,513,6385,9260
514,514,457,3549
515,515,6017,7938
516,516,4475,6170
517,517,6670,6075
518,518,5860,2197
519,519,1692,356
520,520,3250,2660
521,521,7814,7312
522,522,5347,7752
523,523,9002,7419
524,524,7788,1341
525,525,6449,1654
526,526,4766,201
527,527,7896,9826
528,528,5718,8795
529,529,1649,9911
530,530,5342,29
531,531,5056,9325
532,532,6630,3149
533,533,7937,6034
534,534,3964,7710
535,535,7185,6545
536,536,8285,2435
537,537,7823,4455
538,538,1284,8912
539,539,549,3598
540,540,9359,9595
541,541,3081,2759
542,542,1164,1138
543,543,5970,1004
544,544,7618,7640
545,545,1559,1643
546,546,9263,5852
547,547,4932,7198
548,548,4889,1770
549,549,9936,7829
550,550,3939,9172
551,551,2957,8282
552,552,8981,3795
553,553,7344,9044
554,554,5850,6441
555,555,7935,5878
556,556,5910,5312
557,557,6706,3254
558,558,5463,7390
559,559,7358,6194
560,560,1882,4857
561,561,5955,9869
562,562,2909,9943
563,563,455,8543
564,564,6808,3039
565,565,9229,8833
566,566,1019,9375
567,567,2762,1512
568,568,6430,1569
569,569,2021,2227
570,570,3802,9564
571,571,116,7888
572,572,4115,5018
573,573,5277,8049
574,574,8347,2900
575,575,2267,6137
576,576,3991,4834
577,577,1828,7984
578,578,1757,7713
579,579,7211,5605
580,580,4442,6090
581,581,6802,8981
582,582,2299,9981
583,583,8853,2355
584,584,6501,216
585,585,5445,3731
586,586,7390,8627
587,587,9698,4296
588,588,9959,4958
589,589,3344,5907
590,590,6083,2037
591,591,412,6181
592,592,8660,9921
593,593,6268,851
594,594,8307,8811
595,595,7579,4757
596,596,9864,6915
597,597,6070,9144
598,598,5563,720
599,599,5784,2299
600,600,2595,3324
601,601,3502,6632
602,602,9915,1203
603,603,794,2266
604,604,9784,6221
605,605,2068,9669
606,606,8191,4696
607,607,7746,6073
608,608,7225,4260
609,609,8598,3333
610,610,5536,7386
611,611,8799,4960
612,612,5242,8404
613,613,8826,2358
614,614,7450,6031
615,615,6444,1095
616,616,555,4021
617,617,1940,9821
618,618,5222,1759
619,619,1635,2506
620,620,3534,5534
621,621,1877,8994
622,622,7195,6629
623,623,6120,8680
624,624,1275,6369
625,625,7376,765
626,626,6156,4491
627,627,6018,1636
628,628,5017,5769
629,629,2357,5034
630,630,5251,4668
631,631,95,5875
632,632,1241,1762
633,633,3343,7484
634,634,1031,8072
635,635,1269,8093
636,636,8901,1399
637,637,400,2838
638,638,3278,3261
639,639,1671,1974
640,640,1007,559
641,641,6229,5125
642,642,1018,4210
643,643,2971,6463
644,644,2427,1253
645,645,6795,1634
646,646,5649,1423
647,647,3781,8125
648,648,3537,6225
649,649,3947,355
650,650,5942,9509
651,651,6734,3738
652,652,7958,8506
653,653,9590,7467
654,654,4622,2183
655,655,873,7427
656,656,898,772
657,657,2088,4313
658,658,8187,3495
659,659,5236,6200
660,660,2289,5761
661,661,6198,6460
662,662,9765,8894
663,663,2222,6526
664,664,4598,494
665,665,4944,7321
666,666,1609,635
667,667,19,6138
668,668,7693,174
669,669,6709,2335
670,670,6675,435
671,671,2286,3743
672,672,4555,3376
673,673,6946,275
674,674,3842,555
675,675,2624,7017
676,676,2802,4576
677,677,9769,466
678,678,7175,7492
679,679,9144,7252
680,680,3987,2366
681,681,6412,7062
682,682,9441,3330
683,683,9281,8751
684,684,3240,5273
685,685,9728,8845
686,686,314,1774
687,687,6904,2746
688,688,3148,1961
689,689,9021,7422
690,690,9379,8032
691,691,4306,8562
692,692,2003,3127
693,693,3933,5985
694,694,6065,4883
695,695,660,8910
696,696,7972,2979
697,697,6947,9481
698,698,449,6876
699,699,8759,761
700,700,9945,4433
701,701,6162,4945
702,702,3697,9487
703,703,3578,549
704,704,6442,8244
705,705,3784,7055
706,706,4336,6267
707,707,6336,7483
708,708,1803,5880
709,709,7766,470
710,710,9813,2686
711,711,451,6546
712,712,7780,594
713,713,3737,4381
714,714,4492,5882
715,715,7478,6467
716,716,5537,997
717,717,5572,5429
718,718,8105,930
719,719,6345,8971
720,720,7934,214
721,721,8862,1783
722,722,669,4897
723,723,8687,6812
724,724,9160,6878
725,725,663,4290
726,726,8279,7808
727,727,6504,4689
728,728,8647,3416
729,729,9967,3717
730,730,4154,1883
731,731,1016,1513
732,732,6405,2841
733,733,9690,1483
734,734,8568,8162
735,735,4667,9698
736,736,6463,5787
737,737,7753,1834
738,738,5433,5391
739,739,2600,1179
740,740,3955,4953
741,741,1861,2633
742,742,5578,7958
743,743,3647,6345
744,744,3246,6273
745,745,8938,543
746,746,2857,7632
747,747,105,521
748,748,46,8481
749,749,3793,837
750,750,5502,8009
751,751,1055,7816
752,752,2834,9365
753,753,6226,8472
754,754,1420,2639
755,755,2369,9370
756,756,9334,8897
757,757,7468,6297
758,758,7196,4092
759,759,5165,3454
760,760,9293,9835
761,761,632,898
762,762,3864,7725
763,763,3395,1297
764,764,9388,5163
765,765,1017,7503
766,766,8007,4007
767,767,5131,8794
768,768,7108,7332
769,769,6702,1473
770,770,1562,7125
771,771,6752,4219
772,772,3927,8641
773,773,7951,9111
774,774,3073,195
775,775,9235,2228
776,776,7388,5276
777,777,6213,1150
778,778,8056,7393
779,779,6469,3783
780,780,7080,8658
781,781,678,3763
782,782,6211,3241
783,783,6611,9416
784,784,7514,6433
785,785,4038,764
786,786,2841,156
787,787,6869,501
788,788,9809,1036
789,789,6886,9580
790,790,6133,534
791,791,5866,2791
792,792,9191,9689
793,793,3807,6296
794,794,4884,3539
795,795,6019,7519
796,796,6386,3382
797,797,4996,3129
798,798,5490,4728
799,799,771,1188
800,800,4612,4451
801,801,1800,8854
802,802,9694,6042
803,803,168,8293
804,804,9247,8533
805,805,6187,9818
806,806,7679,8144
807,807,5086,6038
808,808,3746,1545
809,809,5473,1396
810,810,6872,3554
811,811,2287,9923
812,812,2261,7948
813,813,5140,7955
814,814,9264,8847
815,815,8906,9967
816,816,6753,3007
817,817,9562,6729
818,818,7387,4477
819,819,3879,1621
820,820,5730,1810
821,821,4044,5145
822,822,5683,9049
823,823,9385,6357
824,824,9669,217
825,825,7653,1269
826,826,3373,4380
827,827,3206,441
828,828,6978,4368
829,829,8552,7576
830,830,2277,4330
831,831,3797,1107
832,832,8810,5715
833,833,9307,3830
834,834,8214,5778
835,835,7349,9560
836,836,6560,2963
837,837,8546,42
838,838,7755,7660
839,839,1314,5737
840,840,8728,9514
841,841,3158,7101
842,842,4023,4077
843,843,2969,6858
844,844,9162,3894
845,845,7047,5336
846,846,3766,6969
847,847,748,9405
848,848,537,771
849,849,9024,4486
850,850,1753,1333
851,851,7837,4798
852,852,8614,7898
853,853,7702,918
854,854,2194,2287
855,855,8085,9940
856,856,2752,1800
857,857,6740,9322
858,858,7023,3680
859,859,8170,6053
860,860,5493,9335
861,861,778,5063
862,862,3204,882
863,863,2429,8515
864,864,864,9088
865,865,6984,1578
866,866,4731,2298
867,867,35,5692
868,868,2129,4542
869,869,2527,4692
870,870,170,1471
871,871,3089,3654
872,872,6387,9714
873,873,6420,4211
874,874,7244,429
875,875,9919,4746
876,876,6009,4432
877,877,141,7600
878,878,8772,5227
879,879,2975,7931
880,880,7230,4382
881,881,5346,1112
882,882,5845,9232
883,883,2475,8709
884,884,9994,7581
885,885,338,9485
886,886,6249,815
887,887,4276,9928
888,888,5816,3151
889,889,470,4525
890,890,3030,3851
891,891,1061,1422
892,892,9186,4014
893,893,2979,9651
894,894,9755,4452
895,895,9582,4543
896,896,1148,193
897,897,3718,3551
898,898,6417,3256
899,899,9834,5804
900,900,4293,3644
901,901,8454,5234
902,902,5592,2684
903,903,1008,3491
904,904,1145,2778
905,905,8496,1631
906,906,5,8461
907,907,1028,4163
908,908,2144,1622
909,909,2099,412
910,910,3295,9927
911,911,8771,5725
912,912,4550,8940
913,913,2801,8710
914,914,448,9227
915,915,9953,8324
916,916,4735,259
917,917,5765,9220
918,918,3741,9005
919,919,3824,1272
920,920,1376,2426
921,921,9492,8796
922,922,9881,792
923,923,1329,5747
924,924,6044,9318
925,925,5908,9526
926,926,8471,889
927,927,6365,7745
928,928,918,7212
929,929,7512,9120
930,930,7810,5150
931,931,863,3508
932,932,9478,6100
933,933,9454,7639
934,934,4413,3934
935,935,1277,2820
936,936,456,6815
937,937,5448,5297
938,938,1902,2793
939,939,7462,1245
940,940,1933,5999
941,941,5662,7080
942,942,4854,8851
943,943,14,3891
944,944,8324,2050
945,945,5711,1286
946,946,8484,4652
947,947,3796,4790
948,948,1453,5403
949,949,7786,1429
950,950,1335,2212
951,951,8705,1367
952,952,8876,6947
953,953,3123,5478
954,954,7816,7965
955,955,1264,6398
956,956,6335,2607
957,957,6938,7758
958,958,9561,9906
959,959,1328,8972
960,960,6236,4206
961,961,8886,5407
962,962,1260,1655
963,963,411,3507
964,964,3951,5434
965,965,7163,5320
966,966,656,5462
967,967,8845,2487
968,968,5263,9142
969,969,995,9351
970,970,2043,4395
971,971,3029,2428
972,972,605,2407
973,973,4685,938
974,974,4586,315
975,975,7311,9721
976,976,9842,7572
977,977,6103,8607
978,978,2002,3756
979,979,7666,2983
980,980,2630,4495
981,981,2053,7976
982,982,6885,102
983,983,8344,4618
984,984,9338,6349
985,985,8984,7646
986,986,6879,907
987,987,6988,9889
988,988,7152,713
989,989,4313,2710
990,990,306,108
991,991,5483,976
992,992,9501,6768
993,993,631,1184
994,994,2818,5546
995,995,7393,8921
996,996,1336,9656
997,997,7501,5008
998,998,5616,4201
999,999,5982,8900
1000,1000,6576,6330
1001,1001,5638,8300
1002,1002,8963,5872
1003,1003,8204,9424
1004,1004,8321,4235
1005,1005,9923,1229
1006,1006,7040,8748
1007,1007,855,6484
1008,1008,8897,4644
1009,1009,2128,157
1010,1010,4556,4123
1011,1011,6225,9569
1012,1012,5961,1330
1013,1013,426,8557
1014,1014,5047,3693
1015,1015,2224,7703
1016,1016,4611,3260
1017,1017,1233,4400
1018,1018,4531,5578
1019,1019,8424,1716
1020,1020,81,9268
1021,1021,9885,731
1022,1022,9865,2320
1023,1023,2404,1303
1024,1024,4132,6785
1025,1025,4980,2262
1026,1026,6638,219
1027,1027,1674,4156
1028,1028,5120,4316
1029,1029,6295,5343
1030,1030,4590,9539
1031,1031,9836,2142
1032,1032,4970,9783
1033,1033,148,641
1034,1034,1405,2925
1035,1035,37,6024
1036,1036,3386,8106
1037,1037,7695,8891
1038,1038,8828,5613
1039,1039,3171,8252
1040,1040,6807,2861
1041,1041,8420,4353
1042,1042,7732,7990
1043,1043,1798,1942
1044,1044,5479,5330
1045,1045,6134,6937
1046,1046,7964,9887
1047,1047,5770,331
1048,1048,9983,7882
1049,1049,2671,8747
1050,1050,3954,1933
1051,1051,433,3451
1052,1052,20,9058
1053,1053,6408,7656
1054,1054,1980,3529
1055,1055,9054,7472
1056,1056,4741,8284
1057,1057,5197,5327
1058,1058,1977,7370
1059,1059,5498,4996
1060,1060,6114,5869
1061,1061,9267,9806
1062,1062,5169,5680
1063,1063,7323,8258
1064,1064,1607,2870
1065,1065,6909,9870
1066,1066,8037,9712
1067,1067,7677,7454
1068,1068,7587,1691
1069,1069,1553,8199
1070,1070,2835,5575
1071,1071,2620,4373
1072,1072,2025,9319
1073,1073,3283,3027
1074,1074,4,8969
1075,1075,4767,4725
1076,1076,9564,2656
1077,1077,6619,4411
1078,1078,4136,3430
1079,1079,4831,212
1080,1080,772,3501
1081,1081,7400,5314
1082,1082,1280,1328
1083,1083,6662,2000
1084,1084,5760,5749
1085,1085,8883,1853
1086,1086,2950,3787
1087,1087,7107,471
1088,1088,4896,9245
1089,1089,5993,4174
1090,1090,1787,5923
1091,1091,7711,9354
1092,1092,3248,4053
1093,1093,8692,4508
1094,1094,4078,2097
1095,1095,6275,6305
1096,1096,1984,189
1097,1097,5626,363
1098,1098,812,9312
1099,1099,8120,9946
1100,1100,973,8842
1101,1101,5523,7242
1102,1102,6908,6786
1103,1103,4971,2654
1104,1104,965,2617
1105,1105,6006,9938
1106,1106,5071,8834
1107,1107,4184,5871
1108,1108,2318,5551
1109,1109,7006,8242
1110,1110,2165,9148
1111,1111,4219,9561
1112,1112,8680,8259
1113,1113,3794,1025
1114,1114,1874,6144
1115,1115,4189,9499
1116,1116,8877,8984
1117,1117,9957,2523
1118,1118,7170,2070
1119,1119,2495,8518
1120,1120,1103,8967
1121,1121,7670,4505
1122,1122,6948,9333
1123,1123,4330,1934
1124,1124,8542,4612
1125,1125,1409,4279
1126,1126,6553,4564
1127,1127,1459,8726
1128,1128,2400,4504
1129,1129,4366,4597
1130,1130,3316,1108
1131,1131,1618,6544
1132,1132,4686,7868
1133,1133,3962,8329
1134,1134,7302,5362
1135,1135,5157,3086
1136,1136,3442,4760
1137,1137,7649,2522
1138,1138,1831,2946
1139,1139,8801,9779
1140,1140,4147,7219
1141,1141,2522,1065
1142,1142,3410,463
1143,1143,4497,9948
1144,1144,8962,4808
1145,1145,6462,8287
1146,1146,4287,5840
1147,1147,8201,5822
1148,1148,5041,5351
1149,1149,3126,3711
1150,1150,466,4043
1151,1151,3215,5442
1152,1152,569,6599
1153,1153,3844,4321
1154,1154,9396,4519
1155,1155,1085,7148
1156,1156,4993,4216
1157,1157,5731,6478
1158,1158,6060,6639
1159,1159,7036,8373
1160,1160,9996,168
1161,1161,9667,6498
1162,1162,5705,2015
1163,1163,2552,1366
1164,1164,726,2977
1165,1165,4765,8585
1166,1166,7310,9829
1167,1167,7541,9556
1168,1168,208,3765
1169,1169,1811,788
1170,1170,5763,3575
1171,1171,5969,5449
1172,1172,2268,9915
1173,1173,5542,4767
1174,1174,4440,7540
1175,1175,1123,3203
1176,1176,9095,1754
1177,1177,2403,2833
1178,1178,346,9028
1179,1179,1821,7329
1180,1180,1679,4406
1181,1181,7672,5651
1182,1182,4968,7834
1183,1183,1205,1614
1184,1184,4194,9769
1185,1185,1699,2151
1186,1186,4927,125
1187,1187,8003,5356
1188,1188,254,8743
1189,1189,9600,6
1190,1190,612,7871
1191,1191,7172,4423
1192,1192,7077,6156
1193,1193,6475,4196
1194,1194,7642,6907
1195,1195,5432,4240
1196,1196,9767,6313
1197,1197,6713,6141
1198,1198,534,9276
1199,1199,5823,3625
1200,1200,5080,6487
1201,1201,9991,6310
1202,1202,9080,3170
1203,1203,9192,7117
1204,1204,4936,6970
1205,1205,4524,7167
1206,1206,9490,7368
1207,1207,3058,7019
1208,1208,4421,2976
1209,1209,1830,2840
1210,1210,4585,832
1211,1211,5246,8771
1212,1212,5183,1873
1213,1213,143,2455
1214,1214,3084,8088
1215,1215,7223,354
1216,1216,6434,2002
1217,1217,3812,4825
1218,1218,4934,8561
1219,1219,6091,7953
1220,1220,3404,4029
1221,1221,4916,175
1222,1222,4443,5961
1223,1223,2057,4721
1224,1224,8297,1466
1225,1225,3340,8939
1226,1226,3168,3115
1227,1227,7436,3815
1228,1228,7015,7887
1229,1229,2451,4936
1230,1230,4076,225
1231,1231,6283,5897
1232,1232,956,1368
1233,1233,8487,518
1234,1234,9140,7546
1235,1235,6979,5141
1236,1236,7622,4768
1237,1237,3018,5712
1238,1238,7663,1165
1239,1239,7243,6618
1240,1240,9798,179
1241,1241,3445,2996
1242,1242,7635,8069
1243,1243,9583,6585
1244,1244,5551,6926
1245,1245,1140,512
1246,1246,2836,2288
1247,1247,8545,2447
1248,1248,8137,4532
1249,1249,9042,1428
1250,1250,4747,101
1251,1251,360,2945
1252,1252,3120,9068
1253,1253,4576,6720
1254,1254,9880,1556
1255,1255,4144,2888
1256,1256,1777,1493
1257,1257,1812,2659
1258,1258,6264,9688
1259,1259,4318,7928
1260,1260,854,2144
1261,1261,6145,9864
1262,1262,9495,3767
1263,1263,4648,4184
1264,1264,7571,2566
1265,1265,3546,5708
1266,1266,3342,5173
1267,1267,109,8947
1268,1268,1569,4978
1269,1269,9289,3971
1270,1270,6088,3155
1271,1271,9367,1479
1272,1272,9849,7826
1273,1273,8773,5306
1274,1274,4809,9544
1275,1275,4644,6961
1276,1276,4789,6103
1277,1277,11,4539
1278,1278,3269,9450
1279,1279,9029,8725
1280,1280,7260,7027
1281,1281,5212,1958
1282,1282,3175,5618
1283,1283,8514,7320
1284,1284,5356,5620
1285,1285,2437,2250
1286,1286,9126,3799
1287,1287,40,2730
1288,1288,3666,748
1289,1289,2339,1182
1290,1290,3884,5649
1291,1291,5284,3732
1292,1292,5000,2828
1293,1293,6051,1945
1294,1294,4166,3712
1295,1295,914,4607
1296,1296,6470,1387
1297,1297,1667,6227
1298,1298,1723,1362
1299,1299,5469,2138
1300,1300,560,3017
1301,1301,532,2546
1302,1302,7983,7670
1303,1303,1622,2072
1304,1304,1424,7697
1305,1305,9352,589
1306,1306,5048,4549
1307,1307,6822,1858
1308,1308,2740,7485
1309,1309,8669,1086
1310,1310,8322,120
1311,1311,1617,6222
1312,1312,8216,9269
1313,1313,9081,5334
1314,1314,8099,4683
1315,1315,544,7877
1316,1316,1959,9147
1317,1317,9943,8553
1318,1318,5733,9759
1319,1319,9368,2611
1320,1320,1185,6733
1321,1321,9542,372
1322,1322,7612,8128
1323,1323,6995,5342
1324,1324,709,2300
1325,1325,8708,3133
1326,1326,2266,2324
1327,1327,9000,4475
1328,1328,5399,7236
1329,1329,6069,452
1330,1330,7908,646
1331,1331,588,326
1332,1332,6366,2451
1333,1333,3003,3841
1334,1334,6118,6636
1335,1335,5812,8920
1336,1336,8067,3660
1337,1337,2295,6061
1338,1338,9850,7635
1339,1339,6418,485
1340,1340,6169,711
1341,1341,1588,112
1342,1342,1299,8484
1343,1343,52,8478
1344,1344,2382,2066
1345,1345,657,5047
1346,1346,6425,3932
1347,1347,935,2509
1348,1348,1253,1223
1349,1349,3705,8477
1350,1350,4138,932
1351,1351,9804,4544
1352,1352,781,1949
1353,1353,5686,5305
1354,1354,235,4339
1355,1355,5539,2958
1356,1356,2161,7526
1357,1357,7922,1419
1358,1358,8462,5835
1359,1359,5878,5069
1360,1360,7834,9756
1361,1361,3675,1082
1362,1362,9997,7114
1363,1363,5627,3647
1364,1364,9473,8185
1365,1365,5973,6696
1366,1366,9965,4055
1367,1367,3329,7211
1368,1368,3560,3164
1369,1369,1182,1248
1370,1370,390,4614
1371,1371,4596,7610
1372,1372,8489,268
1373,1373,9357,8973
1374,1374,2488,1482
1375,1375,5636,3537
1376,1376,3605,3962
1377,1377,2640,1262
1378,1378,1375,9876
1379,1379,8434,2674
1380,1380,3396,6672
1381,1381,608,1566
1382,1382,7527,7180
1383,1383,8593,9310
1384,1384,8222,8911
1385,1385,4921,561
1386,1386,6575,24
1387,1387,72,8071
1388,1388,8276,2538
1389,1389,7049,1664
1390,1390,8027,2102
1391,1391,3189,6557
1392,1392,2101,7374
1393,1393,4880,5593
1394,1394,5588,8532
1395,1395,3804,7539
1396,1396,3458,9846
1397,1397,1923,6604
1398,1398,5308,2073
1399,1399,2636,69
1400,1400,1209,4661
1401,1401,3509,1045
1402,1402,2792,6688
1403,1403,327,6473
1404,1404,1869,2448
1405,1405,1110,2528
1406,1406,1594,7026
1407,1407,3644,5966
1408,1408,6172,4731
1409,1409,5066,751
1410,1410,6424,9224
1411,1411,9763,3569
1412,1412,6960,3946
1413,1413,3687,6235
1414,1414,6055,1239
1415,1415,8125,8925
1416,1416,9210,8924
1417,1417,3460,309
1418,1418,6342,6301
1419,1419,4763,9939
1420,1420,3163,2369
1421,1421,9397,7441
1422,1422,4801,6578
1423,1423,3463,4782
1424,1424,5219,409
1425,1425,7038,6986
1426,1426,9578,1839
1427,1427,9805,4332
1428,1428,3674,2387
1429,1429,8788,6891
1430,1430,5940,9661
1431,1431,8594,4984
1432,1432,308,5054
1433,1433,3249,9294
1434,1434,3686,3988
1435,1435,6109,5944
1436,1436,9725,8465
1437,1437,4776,2284
1438,1438,8402,4304
1439,1439,5375,5157
1440,1440,5460,864
1441,1441,2684,6619
1442,1442,9316,6801
1443,1443,9127,956
1444,1444,9910,5229
1445,1445,441,1817
1446,1446,6540,7031
1447,1447,4562,3122
1448,1448,4557,2830
1449,1449,7654,1657
1450,1450,9744,5510
1451,1451,2118,2713
1452,1452,7819,3111
1453,1453,3077,3095
1454,1454,2910,2966
1455,1455,3172,2610
1456,1456,9148,3100
1457,1457,5340,9584
1458,1458,3772,7982
1459,1459,6685,7677
1460,1460,1603,2919
1461,1461,1660,742
1462,1462,2428,7711
1463,1463,7206,7452
1464,1464,4845,1227
1465,1465,3429,9726
1466,1466,3981,2742
1467,1467,5457,2207
1468,1468,3137,3109
1469,1469,7266,3944
1470,1470,5416,8302
1471,1471,3556,2757
1472,1472,3798,6201
1473,1473,7273,7718
1474,1474,402,9275
1475,1475,6916,8684
1476,1476,4032,8037
1477,1477,8934,9534
1478,1478,4490,5828
1479,1479,6341,1633
1480,1480,4344,6713
1481,1481,7852,4457
1482,1482,1425,2813
1483,1483,437,9070
1484,1484,6982,8351
1485,1485,4723,2975
1486,1486,4294,247
1487,1487,9777,831
1488,1488,8361,8995
1489,1489,8838,7606
1490,1490,4020,3103
1491,1491,4427,1906
1492,1492,2588,8804
1493,1493,2583,6047
1494,1494,3017,5057
1495,1495,9001,3237
1496,1496,8123,371
1497,1497,4153,7352
1498,1498,1166,7142
1499,1499,2352,5160
1500,1500,6551,9026
1501,1501,8283,6115
1502,1502,7627,2990
1503,1503,2294,8208
1504,1504,7975,532
1505,1505,7452,2644
1506,1506,7381,4982
1507,1507,3724,440
1508,1508,2300,8280
1509,1509,311,603
1510,1510,2384,4784
1511,1511,4852,3580
1512,1512,5773,8597
1513,1513,2054,9236
1514,1514,2181,7843
1515,1515,1509,1198
1516,1516,905,3249
1517,1517,6556,1887
1518,1518,1991,1302
1519,1519,2726,6131
1520,1520,6082,4845
1521,1521,9244,8450
1522,1522,2262,1265
1523,1523,3291,1685
1524,1524,6567,1703
1525,1525,6080,2723
1526,1526,2664,6469
1527,1527,1109,7760
1528,1528,7369,4862
1529,1529,9711,672
1530,1530,5497,4036
1531,1531,8298,2515
1532,1532,6728,5821
1533,1533,8633,2630
1534,1534,6388,4571
1535,1535,4239,8588
1536,1536,2395,628
1537,1537,7115,1541
1538,1538,5462,8333
1539,1539,7208,6493
1540,1540,6461,737
1541,1541,5352,5370
1542,1542,880,2852
1543,1543,7970,3220
1544,1544,3654,3650
1545,1545,12,1599
1546,1546,5046,4390
1547,1547,7889,2352
1548,1548,8226,6238
1549,1549,7999,340
1550,1550,5714,2260
1551,1551,3880,9562
1552,1552,727,9047
1553,1553,901,6582
1554,1554,4990,5504
1555,1555,9112,9085
1556,1556,2648,4070
1557,1557,1656,1061
1558,1558,8450,4726
1559,1559,9414,5538
1560,1560,4221,8262
1561,1561,309,7542
1562,1562,4521,8114
1563,1563,1736,5765
1564,1564,9043,7520
1565,1565,1429,5667
1566,1566,1582,4854
1567,1567,3493,6704
1568,1568,7609,422
1569,1569,2020,7130
1570,1570,9707,9012
1571,1571,29,4081
1572,1572,4459,2801
1573,1573,3693,1915
1574,1574,1083,4807
1575,1575,3515,1274
1576,1576,193,7936
1577,1577,5132,2252
1578,1578,5691,9052
1579,1579,9878,1219
1580,1580,5634,4068
1581,1581,1989,2351
1582,1582,2168,8316
1583,1583,2639,4172
1584,1584,2736,5381
1585,1585,6079,1825
1586,1586,420,3119
1587,1587,7505,3588
1588,1588,6415,1687
1589,1589,7604,7827
1590,1590,1899,3504
1591,1591,2160,7462
1592,1592,8038,8510
1593,1593,9708,522
1594,1594,3609,8573
1595,1595,3907,8752
1596,1596,2974,6850
1597,1597,6194,4628
1598,1598,4888,2862
1599,1599,9320,7763
1600,1600,3977,9156
1601,1601,9337,3231
1602,1602,504,2879
1603,1603,4409,3073
1604,1604,8425,1040
1605,1605,5529,2912
1606,1606,5560,4987
1607,1607,3012,5523
1608,1608,786,6184
1609,1609,3843,3442
1610,1610,9152,5732
1611,1611,2908,2301
1612,1612,8327,1619
1613,1613,8280,716
1614,1614,6492,7867
1615,1615,7863,4671
1616,1616,3665,7024
1617,1617,5008,1066
1618,1618,1595,9201
1619,1619,573,4781
1620,1620,5195,6488
1621,1621,6521,6443
1622,1622,363,6245
1623,1623,4295,3130
1624,1624,8565,3908
1625,1625,5742,3700
1626,1626,9326,9959
1627,1627,9259,4672
1628,1628,6140,2159
1629,1629,8509,4467
1630,1630,3541,6760
1631,1631,5385,2452
1632,1632,6939,3759
1633,1633,7210,5304
1634,1634,4715,3843
1635,1635,6277,8768
1636,1636,9068,5653
1637,1637,5376,6316
1638,1638,3055,8398
1639,1639,2014,7724
1640,1640,9089,7565
1641,1641,6954,5622
1642,1642,5580,4278
1643,1643,9951,3916
1644,1644,8635,5133
1645,1645,5006,7224
1646,1646,2707,1384
1647,1647,4373,781
1648,1648,6958,3117
1649,1649,6777,2145
1650,1650,3477,3784
1651,1651,2498,9187
1652,1652,9713,7917
1653,1653,5491,2340
1654,1654,654,8569
1655,1655,3571,4697
1656,1656,523,8649
1657,1657,8136,660
1658,1658,1715,1356
1659,1659,4329,6925
1660,1660,4885,5118
1661,1661,7477,7983
1662,1662,3443,4364
1663,1663,2201,1711
1664,1664,9345,1026
1665,1665,881,2048
1666,1666,9294,5774
1667,1667,9030,1455
1668,1668,8956,3832
1669,1669,9931,413
1670,1670,4602,5361
1671,1671,9027,6071
1672,1672,7681,2669
1673,1673,5745,1490
1674,1674,1879,2575
1675,1675,982,6617
1676,1676,6669,5067
1677,1677,677,5199
1678,1678,1032,6779
1679,1679,2136,9784
1680,1680,9696,9303
1681,1681,9461,9190
1682,1682,9402,7801
1683,1683,268,9207
1684,1684,6361,8274
1685,1685,4858,5739
1686,1686,4837,4415
1687,1687,7743,3021
1688,1688,6883,3709
1689,1689,1620,9010
1690,1690,3133,2264
1691,1691,4748,4100
1692,1692,9863,1591
1693,1693,1327,1639
1694,1694,8135,1032
1695,1695,5870,5344
1696,1696,1318,4631
1697,1697,2366,240
1698,1698,8715,6489
1699,1699,1072,9512
1700,1700,821,2168
1701,1701,2235,1221
1702,1702,6998,4054
1703,1703,3544,8306
1704,1704,5256,3225
1705,1705,7234,3154
1706,1706,6834,302
1707,1707,5972,9896
1708,1708,1160,6108
1709,1709,7739,6919
1710,1710,1542,5451
1711,1711,5119,8802
1712,1712,671,8609
1713,1713,7224,2232
1714,1714,8837,2658
1715,1715,5587,1819
1716,1716,5093,4282
1717,1717,4783,7366
1718,1718,5318,7274
1719,1719,5716,8097
1720,1720,1578,6119
1721,1721,5429,6295
1722,1722,8538,3308
1723,1723,6860,6837
1724,1724,9973,9344
1725,1725,2881,1993
1726,1726,4963,2177
1727,1727,6034,6315
1728,1728,9548,9532
1729,1729,8881,6905
1730,1730,2278,598
1731,1731,3409,6612
1732,1732,3425,4337
1733,1733,8563,190
1734,1734,4208,4917
1735,1735,3421,7514
1736,1736,2279,3283
1737,1737,6636,3929
1738,1738,3930,4602
1739,1739,1921,6093
1740,1740,9946,1031
1741,1741,2234,3182
1742,1742,9602,9034
1743,1743,9290,9277
1744,1744,3098,1186
1745,1745,7199,4748
1746,1746,3261,2306
1747,1747,7531,318
1748,1748,9503,3584
1749,1749,6680,7708
1750,1750,4180,5972
1751,1751,4760,8966
1752,1752,9328,1027
1753,1753,7821,5223
1754,1754,8183,7314
1755,1755,1240,9412
1756,1756,8696,9524
1757,1757,5254,7502
1758,1758,6302,7001
1759,1759,2902,9525
1760,1760,5928,5723
1761,1761,4059,6244
1762,1762,849,5332
1763,1763,3870,3034
1764,1764,1943,2036
1765,1765,8095,4250
1766,1766,8917,6776
1767,1767,4135,2146
1768,1768,5361,5144
1769,1769,6537,6983
1770,1770,7334,3880
1771,1771,7203,2783
1772,1772,9789,260
1773,1773,2598,4881
1774,1774,5945,9678
1775,1775,1476,9548
1776,1776,4050,361
1777,1777,9659,1587
1778,1778,1875,7685
1779,1779,7994,2949
1780,1780,1127,3839
1781,1781,334,4655
1782,1782,6259,700
1783,1783,3199,8468
1784,1784,10,5431
1785,1785,6757,5724
1786,1786,3811,3368
1787,1787,6427,8304
1788,1788,5175,6539
1789,1789,4630,5414
1790,1790,2327,9740
1791,1791,9188,1099
1792,1792,1326,7517
1793,1793,273,8189
1794,1794,7406,6725
1795,1795,4985,9284
1796,1796,5658,4191
1797,1797,5789,4218
1798,1798,1337,9590
1799,1799,1158,134
1800,1800,3988,800
1801,1801,4848,4329
1802,1802,2434,2124
1803,1803,1100,9969
1804,1804,9166,7174
1805,1805,8050,3943
1806,1806,3876,1439
1807,1807,2362,8462
1808,1808,1985,5947
1809,1809,5176,430
1810,1810,1754,2261
1811,1811,3625,4422
1812,1812,7366,6464
1813,1813,9826,2595
1814,1814,242,8312
1815,1815,8184,9072
1816,1816,3892,6009
1817,1817,329,9463
1818,1818,9580,2096
1819,1819,4503,2645
1820,1820,4732,1298
1821,1821,7092,7082
1822,1822,8505,5713
1823,1823,7122,4022
1824,1824,5439,9875
1825,1825,6536,362
1826,1826,8358,1731
1827,1827,8990,8907
1828,1828,2872,8514
1829,1829,4338,1386
1830,1830,679,1637
1831,1831,6937,4666
1832,1832,6003,314
1833,1833,541,8209
1834,1834,4660,517
1835,1835,2890,5148
1836,1836,2965,5048
1837,1837,9993,7351
1838,1838,2905,6252
1839,1839,6129,1052
1840,1840,6351,4135
1841,1841,9241,6885
1842,1842,5311,1771
1843,1843,3713,578
1844,1844,9151,3104
1845,1845,7782,9998
1846,1846,2614,9641
1847,1847,7977,2013
1848,1848,2928,955
1849,1849,9041,9958
1850,1850,1307,44
1851,1851,3909,7504
1852,1852,2470,5912
1853,1853,5037,9764
1854,1854,5554,4997
1855,1855,4633,9108
1856,1856,2056,9772
1857,1857,5503,198
1858,1858,336,9056
1859,1859,5485,6727
1860,1860,5680,1379
1861,1861,6473,2648
1862,1862,5226,46
1863,1863,5665,9908
1864,1864,5871,8112
1865,1865,294,5758
1866,1866,167,223
1867,1867,5693,6348
1868,1868,9648,3378
1869,1869,6820,6385
1870,1870,4063,9527
1871,1871,9436,97
1872,1872,2355,1743
1873,1873,6699,2016
1874,1874,5890,6341
1875,1875,2927,2651
1876,1876,9969,6430
1877,1877,7562,7340
1878,1878,2668,2421
1879,1879,2930,4479
1880,1880,3208,6535
1881,1881,1162,9014
1882,1882,5401,3384
1883,1883,4578,5843
1884,1884,6292,5248
1885,1885,554,3319
1886,1886,9605,1316
1887,1887,9309,7251
1888,1888,1285,4360
1889,1889,6509,599
1890,1890,2891,1360
1891,1891,357,3269
1892,1892,1704,9418
1893,1893,1666,5423
1894,1894,8084,3544
1895,1895,1357,9398
1896,1896,9982,8587
1897,1897,9688,8902
1898,1898,1026,7828
1899,1899,1745,5348
1900,1900,5397,4691
1901,1901,9783,3884
1902,1902,4544,6480
1903,1903,641,3177
1904,1904,8167,5363
1905,1905,6319,7800
1906,1906,1793,3958
1907,1907,8964,6203
1908,1908,6696,9658
1909,1909,5174,4915
1910,1910,55,6874
1911,1911,1686,1811
1912,1912,6803,493
1913,1913,4545,8053
1914,1914,8857,813
1915,1915,2793,8130
1916,1916,3550,3379
1917,1917,4510,7259
1918,1918,3503,9591
1919,1919,6391,8654
1920,1920,9462,2805
1921,1921,339,7481
1922,1922,628,98
1923,1923,9050,2941
1924,1924,5076,2022
1925,1925,9163,1098
1926,1926,3489,2099
1927,1927,1426,4580
1928,1928,9213,5376
1929,1929,5727,6855
1930,1930,5158,2108
1931,1931,4553,3482
1932,1932,625,7473
1933,1933,7377,238
1934,1934,4826,9191
1935,1935,159,3734
1936,1936,4543,2354
1937,1937,992,5856
1938,1938,9892,47
1939,1939,3728,6470
1940,1940,8075,1275
1941,1941,9770,6317
1942,1942,2698,3047
1943,1943,1460,2190
1944,1944,5965,8080
1945,1945,1563,3635
1946,1946,4749,7742
1947,1947,8081,2926
1948,1948,3085,3776
1949,1949,1936,3572
1950,1950,8284,8443
1951,1951,2356,9904
1952,1952,64,8815
1953,1953,5330,4299
1954,1954,1616,6451
1955,1955,7591,1259
1956,1956,301,6923
1957,1957,9661,1504
1958,1958,1896,1250
1959,1959,831,400
1960,1960,1440,4125
1961,1961,17,9537
1962,1962,3679,760
1963,1963,9481,4577
1964,1964,3378,1470
1965,1965,3851,8961
1966,1966,5744,5110
1967,1967,2391,5842
1968,1968,6665,7730
1969,1969,9277,3828
1970,1970,9276,2457
1971,1971,7856,165
1972,1972,8929,8118
1973,1973,3650,6162
1974,1974,6623,510
1975,1975,1183,5143
1976,1976,8291,4662
1977,1977,6766,3270
1978,1978,5035,1730
1979,1979,607,9292
1980,1980,650,5660
1981,1981,8817,5943
1982,1982,6583,9804
1983,1983,3433,610
1984,1984,9828,9613
1985,1985,5805,9905
1986,1986,6151,7766
1987,1987,7219,4487
1988,1988,6116,1114
1989,1989,980,3698
1990,1990,6248,1523
1991,1991,2155,6653
1992,1992,9331,883
1993,1993,4291,5995
1994,1994,852,6507
1995,1995,3992,5102
1996,1996,4937,7389
1997,1997,9735,8251
1998,1998,7190,857
1999,1999,9639,1788
2000,2000,6261,6589
2001,2001,6601,9682
2002,2002,645,5487
2003,2003,3044,9280
2004,2004,2787,294
2005,2005,139,4585
2006,2006,2248,1752
2007,2007,3087,7140
2008,2008,3286,1941
2009,2009,6381,2771
2010,2010,7481,6999
2011,2011,9363,2128
2012,2012,5997,4923
2013,2013,9400,140
2014,2014,4215,3355
2015,2015,5569,2787
2016,2016,5861,1076
2017,2017,4702,3215
2018,2018,5190,3814
2019,2019,3791,2560
2020,2020,3937,8108
2021,2021,9291,7324
2022,2022,1463,3161
2023,2023,2618,7781
2024,2024,1393,6655
2025,2025,5608,5798
2026,2026,4439,8237
2027,2027,1695,3596
2028,2028,5690,3311
2029,2029,3641,5839
2030,2030,1265,3639
2031,2031,74,4227
2032,2032,6498,2063
2033,2033,3066,7669
2034,2034,1235,6173
2035,2035,7229,196
2036,2036,9335,7478
2037,2037,4877,9570
2038,2038,4574,7604
2039,2039,7021,6767
2040,2040,8143,9035
2041,2041,3568,2763
2042,2042,6649,447
2043,2043,117,2275
2044,2044,3945,7778
2045,2045,6976,2544
2046,2046,6520,7238
2047,2047,3456,3003
2048,2048,6369,3960
2049,2049,8342,1559
2050,2050,7475,4091
2051,2051,6450,5450
2052,2052,9111,7683
2053,2053,8169,227
2054,2054,9323,8648
2055,2055,9654,1217
2056,2056,4321,6089
2057,2057,3169,8216
2058,2058,6440,1751
2059,2059,5167,1074
2060,2060,2270,54
2061,2061,1966,8423
2062,2062,9082,1841
2063,2063,3821,6869
2064,2064,9387,1577
2065,2065,3757,5559
2066,2066,8180,4199
2067,2067,9412,8698
2068,2068,3549,6862
2069,2069,2307,7555
2070,2070,4385,535
2071,2071,3023,4904
2072,2072,7293,4822
2073,2073,6115,6260
2074,2074,4628,2069
2075,2075,4461,3739
2076,2076,932,614
2077,2077,76,6084
2078,2078,8320,2533
2079,2079,1557,322
2080,2080,2258,4003
2081,2081,9668,7494
2082,2082,4692,2214
2083,2083,3491,581
2084,2084,4347,9673
2085,2085,5237,2788
2086,2086,7461,6992
2087,2087,769,8281
2088,2088,1443,597
2089,2089,1523,8595
2090,2090,1212,4820
2091,2091,4315,8976
2092,2092,5149,9775
2093,2093,3623,880
2094,2094,7109,631
2095,2095,4792,4192
2096,2096,7978,1726
2097,2097,5471,1638
2098,2098,4201,9217
2099,2099,3504,8499
2100,2100,9589,5729
2101,2101,3271,6337
2102,2102,1266,2061
2103,2103,3347,5337
2104,2104,4973,6520
2105,2105,4084,706
2106,2106,3743,4202
2107,2107,9732,4698
2108,2108,7887,4842
2109,2109,7076,2106
2110,2110,6398,149
2111,2111,191,3898
2112,2112,1448,4033
2113,2113,623,9484
2114,2114,651,1884
2115,2115,2173,7227
2116,2116,6258,9096
2117,2117,4025,3758
2118,2118,6150,6537
2119,2119,1849,8818
2120,2120,655,1435
2121,2121,1639,7696
2122,2122,6990,1359
2123,2123,9944,3363
2124,2124,1316,3721
2125,2125,8580,9256
2126,2126,9638,3902
2127,2127,276,2307
2128,2128,9468,7756
2129,2129,1347,9710
2130,2130,1200,6381
2131,2131,3839,4019
2132,2132,4243,1860
2133,2133,4109,5823
2134,2134,8205,337
2135,2135,2480,1237
2136,2136,6011,809
2137,2137,4285,6838
2138,2138,3734,5209
2139,2139,7140,113
2140,2140,3192,9731
2141,2141,3229,9529
2142,2142,3454,3863
2143,2143,6046,6888
2144,2144,5067,2076
2145,2145,2066,7037
2146,2146,1434,1363
2147,2147,5723,8739
2148,2148,4992,2322
2149,2149,7801,9836
2150,2150,2947,3146
2151,2151,4687,3890
2152,2152,8479,1998
2153,2153,494,1436
2154,2154,2426,4098
2155,2155,4650,1641
2156,2156,1713,6998
2157,2157,4665,5159
2158,2158,5792,5851
2159,2159,8429,8733
2160,2160,1636,7233
2161,2161,3735,8463
2162,2162,3143,8243
2163,2163,8131,8289
2164,2164,4756,1792
2165,2165,521,8020
2166,2166,4781,2199
2167,2167,5070,38
2168,2168,1437,9729
2169,2169,9907,3325
2170,2170,3651,6199
2171,2171,353,6793
2172,2172,6703,2756
2173,2173,5215,3991
2174,2174,6298,8224
2175,2175,3304,3770
2176,2176,1082,6307
2177,2177,6147,3747
2178,2178,5278,9723
2179,2179,5534,388
2180,2180,5442,9360
2181,2181,3376,8164
2182,2182,1003,3531
2183,2183,8199,2430
2184,2184,2442,778
2185,2185,9718,5359
2186,2186,9020,503
2187,2187,7331,7069
2188,2188,5864,5166
2189,2189,954,8780
2190,2190,9314,4615
2191,2191,1438,8402
2192,2192,8040,8885
2193,2193,5639,1733
2194,2194,4609,4328
2195,2195,4775,163
2196,2196,9636,418
2197,2197,5332,9415
2198,2198,6323,7702
2199,2199,7434,6425
2200,2200,245,1807
2201,2201,7147,477
2202,2202,7263,5825
2203,2203,9549,1047
2204,2204,6616,1984
2205,2205,3032,6440
2206,2206,4425,9287
2207,2207,2645,2205
2208,2208,5917,5751
2209,2209,2742,121
2210,2210,9949,4171
2211,2211,6494,8467
2212,2212,7502,7609
2213,2213,3294,9159
2214,2214,9346,6806
2215,2215,1643,4579
2216,2216,1374,5294
2217,2217,792,9307
2218,2218,6932,2880
2219,2219,1702,3077
2220,2220,6214,3181
2221,2221,8248,7891
2222,2222,7000,1492
2223,2223,5844,1573
2224,2224,4355,1276
2225,2225,4048,7621
2226,2226,2293,7354
2227,2227,8769,6736
2228,2228,6231,6810
2229,2229,3710,3837
2230,2230,9255,1288
2231,2231,3742,3232
2232,2232,9680,5289
2233,2233,9977,5914
2234,2234,3845,3053
2235,2235,861,836
2236,2236,2169,6834
2237,2237,3604,8212
2238,2238,5817,2814
2239,2239,403,8355
2240,2240,8340,1009
2241,2241,5206,289
2242,2242,6812,4976
2243,2243,9528,3240
2244,2244,4941,8452
2245,2245,2463,8647
2246,2246,6399,7611
2247,2247,9311,4331
2248,2248,879,2129
2249,2249,2477,8345
2250,2250,5363,4876
2251,2251,9701,7362
2252,2252,9734,431
2253,2253,9560,3915
2254,2254,9938,7256
2255,2255,7411,3265
2256,2256,7451,8892
2257,2257,5123,9161
2258,2258,3676,1564
2259,2259,7464,3896
2260,2260,8677,170
2261,2261,4033,8653
2262,2262,4143,7442
2263,2263,8578,280
2264,2264,9036,7566
2265,2265,5113,7247
2266,2266,4172,7524
2267,2267,4265,2249
2268,2268,649,4892
2269,2269,8628,6122
2270,2270,1187,3252
2271,2271,9935,5556
2272,2272,9557,1218
2273,2273,780,3928
2274,2274,8001,7570
2275,2275,1969,8744
2276,2276,1154,4704
2277,2277,4357,7823
2278,2278,3484,6637
2279,2279,2309,5841
2280,2280,9018,8273
2281,2281,1922,2286
2282,2282,7992,5596
2283,2283,4952,3593
2284,2284,2361,7913
2285,2285,2264,9140
2286,2286,8819,5371
2287,2287,9423,1890
2288,2288,4746,9498
2289,2289,8024,2365
2290,2290,7792,5666
2291,2291,6457,9574
2292,2292,6209,8227
2293,2293,8325,4928
2294,2294,2479,9842
2295,2295,4539,1600
2296,2296,8381,5845
2297,2297,3260,4047
2298,2298,8026,2725
2299,2299,4446,4562
2300,2300,5530,241
2301,2301,943,8640
2302,2302,6674,4534
2303,2303,8128,6676
2304,2304,3305,3846
2305,2305,3011,1449
2306,2306,3748,2436
2307,2307,122,852
2308,2308,6654,7275
2309,2309,275,8175
2310,2310,3371,8030
2311,2311,7832,4592
2312,2312,269,3968
2313,2313,581,7785
2314,2314,2360,5541
2315,2315,6113,130
2316,2316,7050,8724
2317,2317,2863,2078
2318,2318,8846,2893
2319,2319,3014,1454
2320,2320,7386,3681
2321,2321,964,4188
2322,2322,3403,5274
2323,2323,1644,242
2324,2324,8274,5750
2325,2325,876,2894
2326,2326,5633,9770
2327,2327,6899,639
2328,2328,9622,7950
2329,2329,6570,6899
2330,2330,2590,8828
2331,2331,7039,5639
2332,2332,3579,9442
2333,2333,2199,7179
2334,2334,9339,8489
2335,2335,7673,9003
2336,2336,77,3090
2337,2337,7621,288
2338,2338,3498,5372
2339,2339,1740,6314
2340,2340,9841,5021
2341,2341,6108,2361
2342,2342,5268,6120
2343,2343,3999,4354
2344,2344,9096,9355
2345,2345,50,9727
2346,2346,2561,2038
2347,2347,7729,3037
2348,2348,9168,6695
2349,2349,3079,2008
2350,2350,1554,7637
2351,2351,767,9760
2352,2352,155,1929
2353,2353,5455,4103
2354,2354,4226,450
2355,2355,808,4267
2356,2356,9219,2865
2357,2357,1454,8679
2358,2358,4228,71
2359,2359,519,2755
2360,2360,6073,5624
2361,2361,8491,8051
2362,2362,6721,4336
2363,2363,2351,8859
2364,2364,8319,3706
2365,2365,8507,4133
2366,2366,4236,5508
2367,2367,5905,1667
2368,2368,4813,4115
2369,2369,4298,6306
2370,2370,5620,3865
2371,2371,6760,9840
2372,2372,7874,9127
2373,2373,9750,638
2374,2374,4882,7560
2375,2375,9539,8559
2376,2376,3362,6880
2377,2377,3976,1151
2378,2378,3901,3757
2379,2379,2012,5820
2380,2380,2753,3503
2381,2381,6104,4436
2382,2382,3102,7260
2383,2383,4857,9925
2384,2384,1263,655
2385,2385,3052,151
2386,2386,6240,2270
2387,2387,3629,1010
2388,2388,9675,4574
2389,2389,9794,3398
2390,2390,8798,11
2391,2391,8193,7194
2392,2392,3436,8240
2393,2393,7132,2753
2394,2394,4477,253
2395,2395,9610,3810
2396,2396,7025,2920
2397,2397,4548,8132
2398,2398,6447,7040
2399,2399,2073,9916
2400,2400,4380,2466
2401,2401,1324,2681
2402,2402,4465,7088
2403,2403,4408,8611
2404,2404,6555,8865
2405,2405,9665,9030
2406,2406,7089,4792
2407,2407,7064,2372
2408,2408,9792,9599
2409,2409,9011,9122
2410,2410,6689,5012
2411,2411,8864,849
2412,2412,3488,2716
2413,2413,7704,5094
2414,2414,3263,3755
2415,2415,3469,8406
2416,2416,1640,6030
2417,2417,7265,2338
2418,2418,1289,9635
2419,2419,4493,8774
2420,2420,7818,2454
2421,2421,1843,2194
2422,2422,8557,2360
2423,2423,1883,3636
2424,2424,8063,6055
2425,2425,1839,5266
2426,2426,7865,754
2427,2427,1111,9522
2428,2428,2284,5815
2429,2429,3581,9640
2430,2430,4560,5165
2431,2431,4225,3838
2432,2432,4817,2696
2433,2433,1955,5010
2434,2434,1161,7404
2435,2435,4481,2349
2436,2436,3203,2580
2437,2437,6877,4183
2438,2438,8606,7092
2439,2439,2677,9501
2440,2440,6633,9233
2441,2441,9787,1378
2442,2442,7829,3463
2443,2443,6692,2064
2444,2444,7487,9239
2445,2445,5646,1962
2446,2446,7802,949
2447,2447,5412,5494
2448,2448,540,3591
2449,2449,1694,5997
2450,2450,3957,1037
2451,2451,4739,397
2452,2452,9747,3941
2453,2453,4193,871
2454,2454,4352,1354
2455,2455,6735,144
2456,2456,1625,9926
2457,2457,7317,1529
2458,2458,8738,4334
2459,2459,5225,9545
2460,2460,3599,3148
2461,2461,6746,4387
2462,2462,3926,257
2463,2463,5960,2243
2464,2464,4444,6338
2465,2465,1867,1403
2466,2466,4745,8652
2467,2467,774,2254
2468,2468,4620,8571
2469,2469,7474,2449
2470,2470,4198,2221
2471,2471,7769,9061
2472,2472,5772,5224
2473,2473,8933,4860
2474,2474,9497,7809
2475,2475,3265,4213
2476,2476,3914,8689
2477,2477,7136,777
2478,2478,3982,5402
2479,2479,946,9103
2480,2480,9341,6681
2481,2481,2124,6670
2482,2482,8163,5956
2483,2483,8477,2356
2484,2484,8710,360
2485,2485,3792,5347
2486,2486,4045,7200
2487,2487,877,4703
2488,2488,3601,7894
2489,2489,8086,769
2490,2490,7247,5970
2491,2491,5194,7622
2492,2492,578,4427
2493,2493,4037,5135
2494,2494,6454,8610
2495,2495,3681,6224
2496,2496,7892,3337
2497,2497,1747,1827
2498,2498,2520,6328
2499,2499,639,9400
2500,2500,3194,6135
2501,2501,6208,133
2502,2502,4324,1111
2503,2503,6053,7964
2504,2504,1779,7929
2505,2505,121,5038
2506,2506,2291,5022
2507,2507,8443,7707
2508,2508,6157,4643
2509,2509,9012,5281
2510,2510,670,7448
2511,2511,5909,1718
2512,2512,8523,6606
2513,2513,3238,8694
2514,2514,4169,7187
2515,2515,2616,6974
2516,2516,8341,799
2517,2517,3061,3423
2518,2518,3918,246
2519,2519,687,9162
2520,2520,711,7872
2521,2521,3281,5214
2522,2522,9279,1069
2523,2523,7029,5149
2524,2524,86,7837
2525,2525,4331,6916
2526,2526,5092,1243
2527,2527,1641,9396
2528,2528,4141,4992
2529,2529,927,7185
2530,2530,5835,2056
2531,2531,4603,9194
2532,2532,9305,2432
2533,2533,6875,9316
2534,2534,7684,6678
2535,2535,7150,547
2536,2536,2095,1393
2537,2537,960,1006
2538,2538,7277,870
2539,2539,9554,6080
2540,2540,6111,4162
2541,2541,3440,4096
2542,2542,4217,3134
2543,2543,6643,103
2544,2544,9415,3063
2545,2545,8618,2047
2546,2546,1880,2913
2547,2547,7871,3605
2548,2548,8330,4605
2549,2549,2985,7372
2550,2550,1987,8068
2551,2551,6220,8454
2552,2552,4907,274
2553,2553,4476,9204
2554,2554,6632,7969
2555,2555,3535,2103
2556,2556,6655,1609
2557,2557,2929,3538
2558,2558,2080,8584
2559,2559,3065,8415
2560,2560,9063,1183
2561,2561,7324,6139
2562,2562,7383,9385
2563,2563,2966,6262
2564,2564,6515,9492
2565,2565,2212,7523
2566,2566,9319,6353
2567,2567,5391,1560
2568,2568,1096,8791
2569,2569,6203,5300
2570,2570,9515,6286
2571,2571,9098,5042
2572,2572,2710,4141
2573,2573,1367,5607
2574,2574,213,3239
2575,2575,1546,6555
2576,2576,4279,3230
2577,2577,4314,8916
2578,2578,2241,4827
2579,2579,9895,7507
2580,2580,5409,4882
2581,2581,9816,6866
2582,2582,1528,5377
2583,2583,8472,498
2584,2584,4859,132
2585,2585,6023,8411
2586,2586,9499,1623
2587,2587,4972,6145
2588,2588,9697,3533
2589,2589,5508,5379
2590,2590,8439,6596
2591,2591,2039,3040
2592,2592,3911,6022
2593,2593,4224,9692
2594,2594,8433,6388
2595,2595,1341,3649
2596,2596,9530,7878
2597,2597,7098,8549
2598,2598,9349,1936
2599,2599,4935,2012
2600,2600,4533,273
2601,2601,6660,4753
2602,2602,9670,3831
2603,2603,9180,6210
2604,2604,6868,6714
2605,2605,5314,9632
2606,2606,900,6041
2607,2607,6036,3984
2608,2608,1659,8544
2609,2609,1516,7311
2610,2610,9419,9592
2611,2611,5506,70
2612,2612,8676,1562
2613,2613,8154,8363
2614,2614,5377,5764
2615,2615,3608,9709
2616,2616,5874,8741
2617,2617,8782,3562
2618,2618,5579,2780
2619,2619,1565,7222
2620,2620,4564,7417
2621,2621,1841,8064
2622,2622,6421,8808
2623,2623,6648,5740
2624,2624,9262,4268
2625,2625,9023,7721
2626,2626,1251,6082
2627,2627,6910,708
2628,2628,4566,4889
2629,2629,1098,8110
2630,2630,3322,6728
2631,2631,993,6086
2632,2632,9103,9837
2633,2633,2207,5977
2634,2634,6775,4345
2635,2635,8884,8434
2636,2636,1320,5340
2637,2637,1500,3519
2638,2638,2886,8021
2639,2639,8062,9909
2640,2640,8723,1947
2641,2641,253,4823
2642,2642,9064,3424
2643,2643,4251,5101
2644,2644,8977,5679
2645,2645,1829,4394
2646,2646,145,6266
2647,2647,1259,9094
2648,2648,8741,6452
2649,2649,5019,9055
2650,2650,7783,9358
2651,2651,9044,3527
2652,2652,5540,974
2653,2653,3193,6329
2654,2654,1339,9327
2655,2655,638,3176
2656,2656,1090,3050
2657,2657,3940,7057
2658,2658,1095,2112
2659,2659,9721,4132
2660,2660,9628,4420
2661,2661,8774,6644
2662,2662,4074,5883
2663,2663,4494,5743
2664,2664,4844,3821
2665,2665,2464,703
2666,2666,1196,6146
2667,2667,8117,2712
2668,2668,8995,7862
2669,2669,8530,3900
2670,2670,7866,5952
2671,2671,2365,7920
2672,2672,8263,4223
2673,2673,4171,7743
2674,2674,7212,5420
2675,2675,7592,1212
2676,2676,6097,8188
2677,2677,7159,9126
2678,2678,9073,2443
2679,2679,4267,4563
2680,2680,6564,9934
2681,2681,5146,2475
2682,2682,8924,4801
2683,2683,1832,438
2684,2684,5584,9459
2685,2685,3227,1326
2686,2686,4698,4446
2687,2687,6375,8230
2688,2688,7217,632
2689,2689,7235,1563
2690,2690,1506,6830
2691,2691,4717,9302
2692,2692,8378,3921
2693,2693,9438,8964
2694,2694,8979,1106
2695,2695,1517,4621
2696,2696,633,1480
2697,2697,862,3313
2698,2698,1290,4922
2699,2699,9079,6840
2700,2700,3731,7110
2701,2701,7923,8340
2702,2702,7017,8066
2703,2703,9455,1708
2704,2704,4452,1267
2705,2705,6324,2842
2706,2706,2036,6851
2707,2707,6851,7265
2708,2708,1092,1307
2709,2709,8730,3404
2710,2710,8112,9427
2711,2711,51,4233
2712,2712,2514,5014
2713,2713,8904,436
2714,2714,6300,9098
2715,2715,6352,9013
2716,2716,9924,7746
2717,2717,8795,6881
2718,2718,7854,2588
2719,2719,5181,1440
2720,2720,8811,913
2721,2721,888,3314
2722,2722,439,8577
2723,2723,2873,6123
2724,2724,290,8143
2725,2725,1414,3383
2726,2726,6672,32
2727,2727,34,43
2728,2728,4773,664
2729,2729,8941,208
2730,2730,7205,1851
2731,2731,8057,3312
2732,2732,1305,3367
2733,2733,1824,2283
2734,2734,3147,7359
2735,2735,1034,8661
2736,2736,2506,2688
2737,2737,2013,806
2738,2738,8921,83
2739,2739,3648,5354
2740,2740,2305,1503
2741,2741,7545,8927
2742,2742,7731,6278
2743,2743,768,2273
2744,2744,4547,953
2745,2745,5532,7869
2746,2746,7824,3475
2747,2747,378,9877
2748,2748,5333,5617
2749,2749,9137,962
2750,2750,1064,6362
2751,2751,6168,6025
2752,2752,2040,4284
2753,2753,2049,2837
2754,2754,7071,2726
2755,2755,2847,73
2756,2756,7154,2413
2757,2757,48,1944
2758,2758,5104,9515
2759,2759,6316,2308
2760,2760,7619,9974
2761,2761,7895,7010
2762,2762,6606,467
2763,2763,2715,2957
2764,2764,8535,4370
2765,2765,9546,3751
2766,2766,8110,7337
2767,2767,5390,2954
2768,2768,1394,1100
2769,2769,488,6335
2770,2770,3226,6020
2771,2771,1827,8846
2772,2772,5566,6988
2773,2773,779,511
2774,2774,4371,5251
2775,2775,4527,738
2776,2776,7431,3452
2777,2777,7182,4348
2778,2778,5134,4932
2779,2779,597,2853
2780,2780,6141,7584
2781,2781,1204,7791
2782,2782,125,5705
2783,2783,3432,4744
2784,2784,2229,6001
2785,2785,43,9931
2786,2786,547,9749
2787,2787,1602,3178
2788,2788,868,8884
2789,2789,4305,8554
2790,2790,4422,2442
2791,2791,5247,4263
2792,2792,694,1988
2793,2793,9631,9794
2794,2794,749,3664
2795,2795,1522,2939
2796,2796,1472,9502
2797,2797,5527,4078
2798,2798,2995,7403
2799,2799,2958,1616
2800,2800,5937,1527
2801,2801,6681,1849
2802,2802,7811,926
2803,2803,8268,7021
2804,2804,3505,3213
2805,2805,9104,1879
2806,2806,761,9293
2807,2807,3313,5633
2808,2808,1346,8239
2809,2809,9511,2929
2810,2810,5404,6051
2811,2811,4663,226
2812,2812,1246,2634
2813,2813,9588,9571
2814,2814,9801,7775
2815,2815,8698,3621
2816,2816,5233,2093
2817,2817,8041,9259
2818,2818,593,2026
2819,2819,3270,9538
2820,2820,6615,3399
2821,2821,6045,7903
2822,2822,3374,8232
2823,2823,7607,6917
2824,2824,7574,2537
2825,2825,3572,2373
2826,2826,3031,690
2827,2827,2846,4034
2828,2828,5489,4242
2829,2829,197,7287
2830,2830,1531,5836
2831,2831,3827,5440
2832,2832,3595,399
2833,2833,2087,5638
2834,2834,9584,5357
2835,2835,8368,1739
2836,2836,4842,1544
2837,2837,137,7476
2838,2838,5912,4153
2839,2839,1238,8720
2840,2840,2918,874
2841,2841,3459,5104
2842,2842,2839,785
2843,2843,9325,3393
2844,2844,3643,6169
2845,2845,9821,8249
2846,2846,7046,1338
2847,2847,5819,6671
2848,2848,6142,9350
2849,2849,3820,4762
2850,2850,2605,49
2851,2851,9897,1459
2852,2852,4587,9410
2853,2853,5707,6442
2854,2854,4014,4884
2855,2855,4125,2690
2856,2856,5440,3536
2857,2857,3668,5996
2858,2858,1504,7741
2859,2859,8855,72
2860,2860,5367,4311
2861,2861,5449,7738
2862,2862,1188,4425
2863,2863,4260,6056
2864,2864,9117,9897
2865,2865,1234,1928
2866,2866,149,1772
2867,2867,1976,1062
2868,2868,4803,4905
2869,2869,4583,3071
2870,2870,9871,2054
2871,2871,6327,4873
2872,2872,7686,6311
2873,2873,4599,8449
2874,2874,8585,7128
2875,2875,929,3184
2876,2876,1648,4286
2877,2877,1708,1
2878,2878,5039,3611
2879,2879,2306,7733
2880,2880,3105,2545
2881,2881,7116,7599
2882,2882,2990,6182
2883,2883,6124,2942
2884,2884,5938,3468
2885,2885,7364,8315
2886,2886,147,8038
2887,2887,2690,5773
2888,2888,9471,9032
2889,2889,793,6410
2890,2890,4417,428
2891,2891,5907,2768
2892,2892,2815,3803
2893,2893,9301,6981
2894,2894,1258,8095
2895,2895,8844,9895
2896,2896,2705,1650
2897,2897,8948,1425
2898,2898,7510,4180
2899,2899,3080,1533
2900,2900,1887,4583
2901,2901,9646,6151
2902,2902,4679,929
2903,2903,1884,1442
2904,2904,894,2643
2905,2905,6394,3497
2906,2906,9928,3336
2907,2907,4325,8168
2908,2908,1355,3190
2909,2909,3122,5001
2910,2910,6061,4938
2911,2911,2164,8092
2912,2912,6247,3826
2913,2913,5124,6964
2914,2914,1837,4355
2915,2915,5906,9158
2916,2916,1178,7662
2917,2917,8868,3358
2918,2918,1823,1398
2919,2919,5127,8470
2920,2920,3424,3917
2921,2921,3830,9585
2922,2922,5187,4175
2923,2923,1653,4523
2924,2924,133,9892
2925,2925,4969,5793
2926,2926,4690,9771
2927,2927,8539,398
2928,2928,4036,2400
2929,2929,2310,1474
2930,2930,4998,7709
2931,2931,9038,6040
2932,2932,5319,4407
2933,2933,1957,951
2934,2934,3661,9626
2935,2935,5815,4402
2936,2936,341,7316
2937,2937,3924,4340
2938,2938,2991,9663
2939,2939,4900,7095
2940,2940,646,3620
2941,2941,6163,8646
2942,2942,1968,3528
2943,2943,3196,7592
2944,2944,469,335
2945,2945,7426,3407
2946,2946,7372,3948
2947,2947,7373,8643
2948,2948,8534,2961
2949,2949,3331,9382
2950,2950,6291,4207
2951,2951,6714,4750
2952,2952,3606,476
2953,2953,4181,8695
2954,2954,4579,7127
2955,2955,7567,5280
2956,2956,5624,4181
2957,2957,8827,3782
2958,2958,6033,9286
2959,2959,6246,9331
2960,2960,5117,1567
2961,2961,5454,6700
2962,2962,5932,6393
2963,2963,9802,9999
2964,2964,1815,3892
2965,2965,6749,9175
2966,2966,282,6299
2967,2967,199,8362
2968,2968,9793,5625
2969,2969,6683,6126
2970,2970,6468,5827
2971,2971,1120,4909
2972,2972,1458,4686
2973,2973,6242,1233
2974,2974,8314,9862
2975,2975,3296,9982
2976,2976,9370,4442
2977,2977,6010,3665
2978,2978,1293,7602
2979,2979,7775,4586
2980,2980,4594,9
2981,2981,5371,8062
2982,2982,3095,9822
2983,2983,6545,540
2984,2984,2693,6264
2985,2985,8602,9473
2986,2986,9417,9755
2987,2987,9657,2959
2988,2988,3971,4840
2989,2989,200,7822
2990,2990,5841,2157
2991,2991,4840,885
2992,2992,9008,2720
2993,2993,1330,5797
2994,2994,7742,8135
2995,2995,9831,4470
2996,2996,9812,344
2997,2997,4991,3800
2998,2998,5877,5967
2999,2999,3393,5087
3000,3000,7900,8630
3001,3001,5325,6553
3002,3002,1193,619
3003,3003,1826,8034
3004,3004,5443,2567
3005,3005,1963,5075
3006,3006,5657,9457
3007,3007,6729,382
3008,3008,4819,7075
3009,3009,1071,6824
3010,3010,7867,7289
3011,3011,4242,9575
3012,3012,1022,9500
3013,3013,7220,8456
3014,3014,8270,8222
3015,3015,5598,6432
3016,3016,3083,9184
3017,3017,6512,167
3018,3018,59,4803
3019,3019,2719,5718
3020,3020,5904,2744
3021,3021,4568,7607
3022,3022,802,2210
3023,3023,3472,8270
3024,3024,1342,4591
3025,3025,7153,1514
3026,3026,8721,4829
3027,3027,4615,4302
3028,3028,1746,2918
3029,3029,1065,2155
3030,3030,7327,9977
3031,3031,1129,1679
3032,3032,6667,3749
3033,3033,7410,161
3034,3034,928,957
3035,3035,2226,7521
3036,3036,1697,8810
3037,3037,7722,3729
3038,3038,7499,7411
3039,3039,3577,7325
3040,3040,4918,6936
3041,3041,1597,526
3042,3042,7734,4408
3043,3043,8762,6321
3044,3044,110,9008
3045,3045,2733,5601
3046,3046,9004,7899
3047,3047,4791,3480
3048,3048,9618,2508
3049,3049,527,4343
3050,3050,7444,5132
3051,3051,8858,7784
3052,3052,1982,5441
3053,3053,1210,4365
3054,3054,9246,6206
3055,3055,7297,3515
3056,3056,7762,5375
3057,3057,7332,1996
3058,3058,5171,6448
3059,3059,4616,4677
3060,3060,822,922
3061,3061,9464,9883
3062,3062,7048,4715
3063,3063,1331,4678
3064,3064,2687,3135
3065,3065,603,7294
3066,3066,514,6088
3067,3067,3744,5515
3068,3068,4779,1624
3069,3069,9407,9646
3070,3070,1231,1130
3071,3071,9474,8089
3072,3072,73,1680
3073,3073,7091,7795
3074,3074,9703,9129
3075,3075,9376,1411
3076,3076,1037,740
3077,3077,1897,582
3078,3078,5935,9579
3079,3079,4054,8790
3080,3080,9424,9011
3081,3081,8987,1189
3082,3082,3722,2313
3083,3083,4415,2711
3084,3084,7525,5044
3085,3085,3138,3253
3086,3086,5619,3036
3087,3087,7535,7015
3088,3088,5900,415
3089,3089,2482,5818
3090,3090,1926,3011
3091,3091,4268,7493
3092,3092,205,7071
3093,3093,7594,3296
3094,3094,6237,8693
3095,3095,248,2231
3096,3096,1651,558
3097,3097,2037,1344
3098,3098,9,4414
3099,3099,4869,5891
3100,3100,9764,9216
3101,3101,2102,1191
3102,3102,4873,5838
3103,3103,1490,4649
3104,3104,8374,5481
3105,3105,9261,200
3106,3106,1483,1815
3107,3107,1295,7270
3108,3108,5274,6601
3109,3109,1404,8488
3110,3110,2465,4673
3111,3111,5073,7548
3112,3112,9627,7022
3113,3113,5299,2707
3114,3114,2171,9890
3115,3115,4487,7296
3116,3116,9134,824
3117,3117,9577,3526
3118,3118,963,3211
3119,3119,8742,9339
3120,3120,6279,649
3121,3121,1133,3872
3122,3122,8459,3720
3123,3123,4030,6319
3124,3124,8792,5404
3125,3125,853,4727
3126,3126,6411,3347
3127,3127,3935,1612
3128,3128,6481,6285
3129,3129,7563,8213
3130,3130,7351,364
3131,3131,178,75
3132,3132,5787,6014
3133,3133,8115,9198
3134,3134,5571,2474
3135,3135,8766,3349
3136,3136,1024,8712
3137,3137,4853,8236
3138,3138,1806,2051
3139,3139,418,8070
3140,3140,8553,8490
3141,3141,6852,6275
3142,3142,9544,7945
3143,3143,2103,1607
3144,3144,6340,8196
3145,3145,2849,7350
3146,3146,643,2380
3147,3147,9285,6610
3148,3148,8574,194
3149,3149,1366,1457
3150,3150,975,1240
3151,3151,9676,8528
3152,3152,9204,9971
3153,3153,6423,5134
3154,3154,8745,8895
3155,3155,8388,1048
3156,3156,134,1729
3157,3157,8044,4460
3158,3158,558,7585
3159,3159,8588,1181
3160,3160,9555,6524
3161,3161,8825,1284
3162,3162,571,8926
3163,3163,7105,8871
3164,3164,3941,3599
3165,3165,899,5011
3166,3166,6086,3939
3167,3167,4099,6868
3168,3168,4167,7458
3169,3169,1004,1758
3170,3170,3303,7061
3171,3171,4337,822
3172,3172,1626,4303
3173,3173,4640,4097
3174,3174,9393,6352
3175,3175,2211,9618
3176,3176,317,8983
3177,3177,5722,4566
3178,3178,8587,5122
3179,3179,2750,5463
3180,3180,3108,5267
3181,3181,7084,3899
3182,3182,5867,3981
3183,3183,545,3697
3184,3184,2549,9193
3185,3185,5249,1919
3186,3186,2530,9761
3187,3187,7588,3883
3188,3188,5652,6532
3189,3189,505,7901
3190,3190,8752,2303
3191,3191,2303,8337
3192,3192,7249,4107
3193,3193,1455,4040
3194,3194,3684,4509
3195,3195,1124,896
3196,3196,9518,9168
3197,3197,4137,5382
3198,3198,7072,5437
3199,3199,6186,7855
3200,3200,4376,804
3201,3201,3701,2326
3202,3202,6912,2198
3203,3203,3779,6058
3204,3204,6284,3806
3205,3205,1716,4998
3206,3206,23,1779
3207,3207,8607,8645
3208,3208,162,8495
3209,3209,7005,8109
3210,3210,8600,2492
3211,3211,5856,9541
3212,3212,3916,2559
3213,3213,5126,7804
3214,3214,4017,6825
3215,3215,1577,7561
3216,3216,9484,4894
3217,3217,7125,1769
3218,3218,9856,5493
3219,3219,7520,1132
3220,3220,1515,4170
3221,3221,6991,3982
3222,3222,4304,1136
3223,3223,1721,9588
3224,3224,8873,5119
3225,3225,3280,2314
3226,3226,7257,8248
3227,3227,3455,8928
3228,3228,9433,4236
3229,3229,9874,4257
3230,3230,6973,910
3231,3231,4983,7915
3232,3232,7758,7367
3233,3233,4111,8538
3234,3234,1857,9497
3235,3235,1945,8817
3236,3236,2483,5507
3237,3237,6384,5393
3238,3238,2501,6026
3239,3239,8575,324
3240,3240,6823,35
3241,3241,909,1709
3242,3242,3359,2622
3243,3243,7417,6709
3244,3244,3897,8738
3245,3245,2558,425
3246,3246,4675,6646
3247,3247,5220,3882
3248,3248,4913,2398
3249,3249,7094,1163
3250,3250,9682,6351
3251,3251,1772,9218
3252,3252,889,1735
3253,3253,949,1894
3254,3254,3867,1476
3255,3255,1918,6928
3256,3256,127,801
3257,3257,6022,379
3258,3258,8997,9668
3259,3259,9817,7771
3260,3260,2675,1697
3261,3261,9937,2629
3262,3262,372,6180
3263,3263,93,0
3264,3264,5407,2881
3265,3265,3151,8140
3266,3266,2432,3833
3267,3267,7252,9138
3268,3268,5161,8375
3269,3269,860,6609
3270,3270,4926,5603
3271,3271,9709,255
3272,3272,5586,6755
3273,3273,5054,4756
3274,3274,4323,5811
3275,3275,1818,9257
3276,3276,4601,7360
3277,3277,8008,1975
3278,3278,1975,1799
3279,3279,5232,6750
3280,3280,2094,925
3281,3281,753,6097
3282,3282,3006,4404
3283,3283,5357,2062
3284,3284,5366,2462
3285,3285,3211,3794
3286,3286,9570,8809
3287,3287,9476,6339
3288,3288,4360,5517
3289,3289,2667,8766
3290,3290,2250,4942
3291,3291,2394,6415
3292,3292,3934,9493
3293,3293,5021,4613
3294,3294,4953,4252
3295,3295,3990,2488
3296,3296,79,911
3297,3297,5704,7049
3298,3298,2828,6853
3299,3299,196,6148
3300,3300,3397,1764
3301,3301,6265,408
3302,3302,1703,3222
3303,3303,5671,6675
3304,3304,5002,3294
3305,3305,3157,3138
3306,3306,6923,5542
3307,3307,5381,4851
3308,3308,1152,8178
3309,3309,9563,79
3310,3310,566,298
3311,3311,195,6239
3312,3312,3182,7199
3313,3313,9183,7432
3314,3314,6171,8200
3315,3315,5072,6690
3316,3316,4984,9444
3317,3317,6153,940
3318,3318,8391,6516
3319,3319,70,7940
3320,3320,4933,5424
3321,3321,8431,3318
3322,3322,5643,5226
3323,3323,7990,8297
3324,3324,2728,2490
3325,3325,3040,394
3326,3326,3961,816
3327,3327,5082,1916
3328,3328,3388,989
3329,3329,4467,7497
3330,3330,6547,8327
3331,3331,2534,9064
3332,3332,7020,2576
3333,3333,4398,3397
3334,3334,4655,495
3335,3335,2233,2209
3336,3336,1052,970
3337,3337,26,7147
3338,3338,4464,8913
3339,3339,1361,3581
3340,3340,3398,7902
3341,3341,4802,7048
3342,3342,8651,1506
3343,3343,6968,1094
3344,3344,2082,5951
3345,3345,1281,6455
3346,3346,2180,3328
3347,3347,4654,6435
3348,3348,479,7761
3349,3349,3482,586
3350,3350,7932,6506
3351,3351,3020,2825
3352,3352,2042,1149
3353,3353,8359,1487
3354,3354,5576,9004
3355,3355,480,6737
3356,3356,6829,6938
3357,3357,6530,4548
3358,3358,9303,3604
3359,3359,9052,5805
3360,3360,4428,178
3361,3361,8926,7195
3362,3362,8035,6445
3363,3363,9097,4990
3364,3364,6966,7651
3365,3365,7828,7109
3366,3366,2940,9041
3367,3367,3411,9900
3368,3368,4860,9711
3369,3369,8140,7839
3370,3370,1678,7534
3371,3371,4068,6819
3372,3372,8096,9017
3373,3373,66,8147
3374,3374,5729,4527
3375,3375,2325,2087
3376,3376,5343,1692
3377,3377,9645,7023
3378,3378,7941,6309
3379,3379,5147,6569
3380,3380,9733,1254
3381,3381,7544,8930
3382,3382,4455,7720
3383,3383,8419,1364
3384,3384,4930,92
3385,3385,5447,6003
3386,3386,5820,7591
3387,3387,3013,4754
3388,3388,7313,9691
3389,3389,3639,347
3390,3390,1628,6109
3391,3391,2963,4119
3392,3392,5075,6050
3393,3393,9754,681
3394,3394,9988,3847
3395,3395,8272,1985
3396,3396,3363,5217
3397,3397,4922,9346
3398,3398,3631,1554
3399,3399,9470,3836
3400,3400,7582,9062
3401,3401,203,9989
3402,3402,4755,9086
3403,3403,5281,1327
3404,3404,2795,1279
3405,3405,3771,6261
3406,3406,2047,9827
3407,3407,6848,8572
3408,3408,7254,805
3409,3409,9440,6371
3410,3410,807,3414
3411,3411,2632,744
3412,3412,16,1571
3413,3413,766,7086
3414,3414,3361,7343
3415,3415,664,753
3416,3416,7659,4430
3417,3417,4340,2953
3418,3418,1245,3216
3419,3419,7342,1970
3420,3420,2206,6642
3421,3421,6541,4871
3422,3422,2100,270
3423,3423,4119,6588
3424,3424,4623,6902
3425,3425,5934,5027
3426,3426,2889,3460
3427,3427,7989,1357
3428,3428,7848,6064
3429,3429,9947,9089
3430,3430,5941,4584
3431,3431,5743,370
3432,3432,810,2524
3433,3433,1107,3147
3434,3434,8525,8713
3435,3435,3330,5768
3436,3436,5022,254
3437,3437,9699,8425
3438,3438,2218,5185
3439,3439,8550,947
3440,3440,1858,5906
3441,3441,8132,3848
3442,3442,1468,901
3443,3443,4901,8015
3444,3444,2653,348
3445,3445,4909,5183
3446,3446,285,6150
3447,3447,6518,1371
3448,3448,5241,2731
3449,3449,3092,7631
3450,3450,7577,2750
3451,3451,2673,8359
3452,3452,7963,6980
3453,3453,2867,1736
3454,3454,3337,3568
3455,3455,6170,8759
3456,3456,4186,1071
3457,3457,3810,4944
3458,3458,5987,5711
3459,3459,6592,8180
3460,3460,4705,7281
3461,3461,7026,9697
3462,3462,4987,6125
3463,3463,3905,1056
3464,3464,4810,3936
3465,3465,266,14
3466,3466,8521,843
3467,3467,3183,3065
3468,3468,3389,899
3469,3469,7509,4503
3470,3470,6598,5029
3471,3471,8646,5169
3472,3472,2844,529
3473,3473,8623,6811
3474,3474,2554,1175
3475,3475,9615,1406
3476,3476,8681,8195
3477,3477,8398,7005
3478,3478,3533,7204
3479,3479,6972,9100
3480,3480,9776,4229
3481,3481,9124,3582
3482,3482,9037,5868
3483,3483,7446,5930
3484,3484,4697,2186
3485,3485,6455,162
3486,3486,5456,8473
3487,3487,4123,8388
3488,3488,6297,3486
3489,3489,3874,8728
3490,3490,4961,7126
3491,3491,6941,1938
3492,3492,8840,6191
3493,3493,9904,7728
3494,3494,4950,8317
3495,3495,7314,4724
3496,3496,6400,2873
3497,3497,8966,5927
3498,3498,2204,2679
3499,3499,1206,5256
3500,3500,8961,9920
3501,3501,8021,3819
3502,3502,1820,389
3503,3503,219,1280
3504,3504,6039,5490
3505,3505,5303,5641
3506,3506,2953,5879
3507,3507,9716,8574
3508,3508,1421,3280
3509,3509,2773,5983
3510,3510,7454,6649
3511,3511,4893,3020
3512,3512,8609,3823
3513,3513,1817,1068
3514,3514,3611,2267
3515,3515,9017,725
3516,3516,8029,2935
3517,3517,6993,205
3518,3518,9886,1742
3519,3519,4966,9226
3520,3520,739,6355
3521,3521,5994,4812
3522,3522,4165,613
3523,3523,5663,8623
3524,3524,7744,1018
3525,3525,4241,1785
3526,3526,63,4114
3527,3527,6790,1072
3528,3528,6952,6350
3529,3529,3768,3461
3530,3530,642,6990
3531,3531,4075,979
3532,3532,809,328
3533,3533,1573,7769
3534,3534,3480,6929
3535,3535,2473,1897
3536,3536,8,9250
3537,3537,9463,8998
3538,3538,6004,8933
3539,3539,434,2906
3540,3540,5392,1519
3541,3541,1171,1565
3542,3542,897,5140
3543,3543,1059,796
3544,3544,507,5984
3545,3545,5664,6046
3546,3546,2492,2670
3547,3547,4495,4572
3548,3548,6621,8523
3549,3549,9952,6746
3550,3550,4695,3191
3551,3551,6934,715
3552,3552,6856,7866
3553,3553,6215,4588
3554,3554,7425,5422
3555,3555,5427,459
3556,3556,5101,4619
3557,3557,7169,7962
3558,3558,1775,6587
3559,3559,9057,3802
3560,3560,2711,8638
3561,3561,8813,4104
3562,3562,6930,2347
3563,3563,6346,6774
3564,3564,3895,3233
3565,3565,6474,8753
3566,3566,3135,9932
3567,3567,5061,4528
3568,3568,6407,7933
3569,3569,7261,5364
3570,3570,9175,2328
3571,3571,5952,2120
3572,3572,1450,1795
3573,3573,1647,2242
3574,3574,8556,1791
3575,3575,9482,7290
3576,3576,3237,7925
3577,3577,6304,5720
3578,3578,5063,4690
3579,3579,7483,538
3580,3580,5922,396
3581,3581,9626,5114
3582,3582,4978,7971
3583,3583,5621,8908
3584,3584,2174,8701
3585,3585,4617,3895
3586,3586,7674,22
3587,3587,8316,5959
3588,3588,264,8619
3589,3589,5734,8772
3590,3590,9312,4848
3591,3591,1308,3741
3592,3592,3419,9136
3593,3593,3473,395
3594,3594,2378,633
3595,3595,1412,8700
3596,3596,1194,9654
3597,3597,7596,1902
3598,3598,8920,3973
3599,3599,3317,6509
3600,3600,2560,5648
3601,3601,2438,8507
3602,3602,7418,9797
3603,3603,8945,5610
3604,3604,9575,7650
3605,3605,3200,562
3606,3606,7575,6158
3607,3607,5514,602
3608,3608,2887,565
3609,3609,3559,6547
3610,3610,5825,8000
3611,3611,7586,670
3612,3612,3569,1447
3613,3613,2654,2319
3614,3614,1749,5591
3615,3615,5177,210
3616,3616,8311,698
3617,3617,1983,5755
3618,3618,506,3546
3619,3619,3382,1983
3620,3620,6743,352
3621,3621,6197,6005
3622,3622,5015,9566
3623,3623,7157,6413
3624,3624,1928,7196
3625,3625,6957,7532
3626,3626,2609,775
3627,3627,8259,9124
3628,3628,1087,3091
3629,3629,1239,9535
3630,3630,2315,2025
3631,3631,3076,7550
3632,3632,6344,2988
3633,3633,3692,2960
3634,3634,9444,5321
3635,3635,933,9744
3636,3636,8778,8265
3637,3637,8666,4221
3638,3638,4466,9684
3639,3639,6174,7705
3640,3640,1707,1538
3641,3641,9780,8756
3642,3642,78,486
3643,3643,9913,7498
3644,3644,9067,7229
3645,3645,3399,1979
3646,3646,381,4084
3647,3647,7518,8206
3648,3648,7378,3055
3649,3649,3118,8399
3650,3650,452,2122
3651,3651,42,2897
3652,3652,8908,9018
3653,3653,4333,2201
3654,3654,536,104
3655,3655,1948,5833
3656,3656,4028,4819
3657,3657,7583,4551
3658,3658,3423,3162
3659,3659,443,1053
3660,3660,2732,3704
3661,3661,8601,3998
3662,3662,6096,6153
3663,3663,7926,2735
3664,3664,4664,3566
3665,3665,8139,3476
3666,3666,6905,3920
3667,3667,1,7491
3668,3668,96,3079
3669,3669,1851,1553
3670,3670,3943,2331
3671,3671,1570,5918
3672,3672,5185,3889
3673,3673,9656,859
3674,3674,1457,7500
3675,3675,113,9221
3676,3676,6276,7214
3677,3677,4551,3198
3678,3678,2385,8001
3679,3679,8331,1823
3680,3680,5484,2738
3681,3681,2850,2486
3682,3682,1848,6848
3683,3683,9758,9817
3684,3684,4244,1886
3685,3685,7415,4952
3686,3686,2564,9521
3687,3687,2628,6747
3688,3688,7843,6383
3689,3689,9058,591
3690,3690,1070,2445
3691,3691,228,5599
3692,3692,9992,9762
3693,3693,6255,5205
3694,3694,4597,6247
3695,3695,3849,9470
3696,3696,3725,7961
3697,3697,5721,6340
3698,3698,284,4732
3699,3699,5231,8504
3700,3700,3431,1592
3701,3701,3848,1091
3702,3702,2555,6846
3703,3703,4462,3804
3704,3704,6882,4518
3705,3705,583,5079
3706,3706,8386,86
3707,3707,2392,7220
3708,3708,2604,310
3709,3709,8693,2569
3710,3710,4359,6613
3711,3711,5087,8603
3712,3712,6640,8534
3713,3713,2312,4314
3714,3714,3497,7282
3715,3715,630,1057
3716,3716,5204,6172
3717,3717,5786,6280
3718,3718,1036,8091
3719,3719,8543,1139
3720,3720,3994,2134
3721,3721,6263,8011
3722,3722,8743,3366
3723,3723,6878,5509
3724,3724,1350,854
3725,3725,8797,9091
3726,3726,4250,381
3727,3727,9660,9160
3728,3728,9243,5197
3729,3729,320,6592
3730,3730,4905,3616
3731,3731,8190,6211
3732,3732,3475,2116
3733,3733,4563,509
3734,3734,498,3657
3735,3735,9236,9782
3736,3736,6392,2095
3737,3737,7432,826
3738,3738,9218,9348
3739,3739,8529,7235
3740,3740,244,9291
3741,3741,4591,6743
3742,3742,8560,2468
3743,3743,4795,7692
3744,3744,4964,9557
3745,3745,8396,5331
3746,3746,1599,8179
3747,3747,2132,8286
3748,3748,7605,7420
3749,3749,4238,3153
3750,3750,5495,5780
3751,3751,8888,5293
3752,3752,4302,7206
3753,3753,7904,7395
3754,3754,9581,5324
3755,3755,517,9434
3756,3756,6433,6465
3757,3757,9891,6389
3758,3758,3387,6193
3759,3759,2920,795
3760,3760,4919,5553
3761,3761,4982,4761
3762,3762,8503,8335
3763,3763,8087,915
3764,3764,163,4138
3765,3765,3752,6021
3766,3766,6911,4045
3767,3767,5920,6924
3768,3768,9187,9795
3769,3769,9851,5719
3770,3770,7924,1955
3771,3771,6467,4611
3772,3772,9523,9664
3773,3773,5459,3630
3774,3774,4436,5630
3775,3775,416,4155
3776,3776,7012,5383
3777,3777,6332,8959
3778,3778,1068,5250
3779,3779,2131,5086
3780,3780,4205,4640
3781,3781,1080,6333
3782,3782,6874,4706
3783,3783,1901,654
3784,3784,9990,7885
3785,3785,7142,7380
3786,3786,4042,6717
3787,3787,3437,9614
3788,3788,1441,2074
3789,3789,4886,6697
3790,3790,2449,9270
3791,3791,7790,9050
3792,3792,615,8381
3793,3793,2800,6756
3794,3794,1060,5182
3795,3795,9427,3131
3796,3796,5855,5905
3797,3797,4607,844
3798,3798,7796,736
3799,3799,7321,9387
3800,3800,8847,1510
3801,3801,533,8905
3802,3802,5625,2556
3803,3803,9797,1137
3804,3804,5673,7382
3805,3805,3037,8445
3806,3806,3235,4086
3807,3807,5810,1854
3808,3808,6101,3641
3809,3809,4448,3850
3810,3810,4668,1350
3811,3811,9630,1200
3812,3812,4498,6032
3813,3813,136,8455
3814,3814,8729,3922
3815,3815,3903,9123
3816,3816,7815,3405
3817,3817,3587,7653
3818,3818,3852,1875
3819,3819,9347,6360
3820,3820,4554,3910
3821,3821,5500,2345
3822,3822,3284,478
3823,3823,5991,6356
3824,3824,9782,2734
3825,3825,9893,2028
3826,3826,4684,6454
3827,3827,1461,5111
3828,3828,979,207
3829,3829,885,808
3830,3830,3164,8601
3831,3831,9072,3493
3832,3832,8756,1530
3833,3833,8309,3996
3834,3834,7191,8094
3835,3835,1908,4638
3836,3836,1067,9043
3837,3837,1306,6622
3838,3838,9182,3666
3839,3839,2805,623
3840,3840,169,1757
3841,3841,8493,9373
3842,3842,1298,8706
3843,3843,3836,2921
3844,3844,9256,5621
3845,3845,5467,6798
3846,3846,8389,2751
3847,3847,4008,1525
3848,3848,1303,6628
3849,3849,543,4134
3850,3850,9771,3663
3851,3851,7946,8483
3852,3852,5426,4559
3853,3853,9912,2485
3854,3854,9145,7315
3855,3855,1527,2592
3856,3856,6614,6023
3857,3857,8156,7
3858,3858,4202,3494
3859,3859,7138,3440
3860,3860,1130,678
3861,3861,4310,7934
3862,3862,7508,405
3863,3863,6238,6270
3864,3864,3355,730
3865,3865,6312,4796
3866,3866,1419,1292
3867,3867,2591,9391
3868,3868,6299,1361
3869,3869,265,6677
3870,3870,3817,5419
3871,3871,7385,6804
3872,3872,5556,6763
3873,3873,1498,1668
3874,3874,7065,1973
3875,3875,1192,9476
3876,3876,8989,5988
3877,3877,6413,3356
3878,3878,6569,445
3879,3879,3149,1549
3880,3880,157,3485
3881,3881,1181,6551
3882,3882,3636,3228
3883,3883,9791,345
3884,3884,491,1778
3885,3885,4377,1847
3886,3886,4977,5560
3887,3887,7389,8734
3888,3888,4796,650
3889,3889,1684,8
3890,3890,2205,2832
3891,3891,804,4902
3892,3892,7981,6940
3893,3893,4821,2558
3894,3894,5394,710
3895,3895,2964,9604
3896,3896,8052,9247
3897,3897,2823,6758
3898,3898,7447,8003
3899,3899,3885,4352
3900,3900,2148,5317
3901,3901,9677,3935
3902,3902,6864,1146
3903,3903,9593,4736
3904,3904,1725,213
3905,3905,7258,5245
3906,3906,1491,6159
3907,3907,497,5460
3908,3908,6001,4335
3909,3909,3716,5670
3910,3910,462,1336
3911,3911,5872,2276
3912,3912,5902,1180
3913,3913,842,58
3914,3914,6881,9725
3915,3915,5520,172
3916,3916,366,1923
3917,3917,634,881
3918,3918,322,8035
3919,3919,1769,6802
3920,3920,6306,1323
3921,3921,9217,2192
3922,3922,2454,9254
3923,3923,7453,505
3924,3924,5084,6550
3925,3925,2405,3395
3926,3926,3671,502
3927,3927,6996,5033
3928,3928,9212,5016
3929,3929,6008,2553
3930,3930,408,6576
3931,3931,8915,8161
3932,3932,1413,3022
3933,3933,2992,8192
3934,3934,4343,1392
3935,3935,5486,1877
3936,3936,9926,920
3937,3937,3506,7286
3938,3938,8348,7579
3939,3939,9611,7884
3940,3940,5632,2334
3941,3941,951,4596
3942,3942,9832,9993
3943,3943,9966,1893
3944,3944,9824,2071
3945,3945,598,1342
3946,3946,7287,9929
3947,3947,8061,1868
3948,3948,9154,6068
3949,3949,2342,9196
3950,3950,5968,1305
3951,3951,5521,6492
3952,3952,3522,3632
3953,3953,3277,5430
3954,3954,1141,4797
3955,3955,5079,9683
3956,3956,6613,9504
3957,3957,7329,2165
3958,3958,3326,3675
3959,3959,8192,8332
3960,3960,9773,4064
3961,3961,2678,6102
3962,3962,6594,5677
3963,3963,4592,5302
3964,3964,5610,9211
3965,3965,4441,1717
3966,3966,5615,323
3967,3967,1390,1969
3968,3968,8616,1347
3969,3969,6320,7089
3970,3970,6825,3266
3971,3971,7948,4610
3972,3972,9408,9594
3973,3973,7784,2147
3974,3974,7805,4719
3975,3975,7703,2846
3976,3976,3589,8775
3977,3977,9565,4849
3978,3978,9719,9705
3979,3979,2951,2494
3980,3980,5806,9855
3981,3981,6716,9223
3982,3982,2997,798
3983,3983,4155,1542
3984,3984,2646,1012
3985,3985,6491,4362
3986,3986,8306,5531
3987,3987,274,1343
3988,3988,6828,5748
3989,3989,8949,437
3990,3990,758,4426
3991,3991,4381,634
3992,3992,8363,3118
3993,3993,7764,6094
3994,3994,5593,6759
3995,3995,9595,7208
3996,3996,8872,2396
3997,3997,4197,5056
3998,3998,9258,4326
3999,3999,3958,5783
4000,4000,2900,5536
4001,4001,3217,566
4002,4002,7738,1686
4003,4003,2695,525
4004,4004,5676,5511
4005,4005,7178,6263
4006,4006,2462,3670
4007,4007,4264,4642
4008,4008,5914,825
4009,4009,9220,9610
4010,4010,6950,7461
4011,4011,7299,9558
4012,4012,5150,9429
4013,4013,38,7156
4014,4014,2734,239
4015,4015,5369,9859
4016,4016,4501,1172
4017,4017,6695,8460
4018,4018,6038,1109
4019,4019,7347,5147
4020,4020,1229,6871
4021,4021,4513,4968
4022,4022,3566,570
4023,4023,2232,2908
4024,4024,7167,2167
4025,4025,648,5212
4026,4026,5749,9490
4027,4027,6626,3506
4028,4028,142,5096
4029,4029,2901,9048
4030,4030,210,4280
4031,4031,8066,2469
4032,4032,7308,4474
4033,4033,2531,9941
4034,4034,2254,5089
4035,4035,3289,5759
4036,4036,9737,2717
4037,4037,2659,3852
4038,4038,286,757
4039,4039,2389,5397
4040,4040,4822,5286
4041,4041,3053,7658
4042,4042,737,9874
4043,4043,6962,5408
4044,4044,8996,6166
4045,4045,4282,2534
4046,4046,3300,3918
4047,4047,3306,5585
4048,4048,9317,8260
4049,4049,765,3703
4050,4050,2399,9642
4051,4051,2931,5298
4052,4052,6181,4342
4053,4053,8147,4895
4054,4054,9979,507
4055,4055,9252,4651
4056,4056,9950,3437
4057,4057,9034,4483
4058,4058,1488,2226
4059,4059,7883,4434
4060,4060,6058,299
4061,4061,1730,596
4062,4062,2379,5452
4063,4063,8408,4669
4064,4064,8256,9300
4065,4065,487,6325
4066,4066,556,7767
4067,4067,1809,9317
4068,4068,7907,3121
4069,4069,5962,2808
4070,4070,4148,811
4071,4071,5606,6129
4072,4072,184,9912
4073,4073,4825,1115
4074,4074,5552,6770
4075,4075,6126,707
4076,4076,7855,6835
4077,4077,2081,1494
4078,4078,4403,5203
4079,4079,2570,523
4080,4080,9304,6083
4081,4081,4614,9643
4082,4082,1208,8873
4083,4083,2729,56
4084,4084,9637,1652
4085,4085,8499,5412
4086,4086,9671,3009
4087,4087,652,2484
4088,4088,1905,9404
4089,4089,7623,2997
4090,4090,8194,6705
4091,4091,4449,7446
4092,4092,3154,262
4093,4093,3618,2740
4094,4094,6806,9180
4095,4095,2084,7160
4096,4096,496,1903
4097,4097,8537,5893
4098,4098,4007,3057
4099,4099,2622,5521
4100,4100,5561,9153
4101,4101,6493,4350
4102,4102,9147,4779
4103,4103,5756,9956
4104,4104,4400,575
4105,4105,5208,1154
4106,4106,6652,959
4107,4107,1535,7744
4108,4108,6138,5998
4109,4109,2803,5682
4110,4110,8353,9071
4111,4111,3727,2109
4112,4112,6307,3137
4113,4113,2503,3236
4114,4114,8599,3385
4115,4115,1023,4288
4116,4116,3474,9141
4117,4117,2009,4907
4118,4118,1099,9849
4119,4119,2509,8496
4120,4120,5115,150
4121,4121,2323,303
4122,4122,6322,5586
4123,4123,1009,4383
4124,4124,6579,4729
4125,4125,9322,7335
4126,4126,5424,7371
4127,4127,8610,2384
4128,4128,720,733
4129,4129,345,789
4130,4130,8726,2636
4131,4131,3841,8482
4132,4132,6266,2332
4133,4133,8213,7171
4134,4134,8770,5482
4135,4135,2192,2583
4136,4136,1029,448
4137,4137,5045,5410
4138,4138,6884,6744
4139,4139,9088,5241
4140,4140,6792,2241
4141,4141,5894,3016
4142,4142,7778,2728
4143,4143,2602,3068
4144,4144,9650,8349
4145,4145,5985,4093
4146,4146,2692,7213
4147,4147,859,9511
4148,4148,5915,8705
4149,4149,8089,8539
4150,4150,9114,7030
4151,4151,3150,3052
4152,4152,2896,8836
4153,4153,4437,6437
4154,4154,4354,2766
4155,4155,5402,3110
4156,4156,4619,6920
4157,4157,4653,9489
4158,4158,4284,878
4159,4159,5359,2737
4160,4160,1117,945
4161,4161,957,9438
4162,4162,9712,6011
4163,4163,8787,5580
4164,4164,1964,480
4165,4165,4093,5380
4166,4166,9222,6375
4167,4167,7626,7423
4168,4168,3670,3478
4169,4169,3253,7162
4170,4170,3575,2176
4171,4171,5470,900
4172,4172,1698,6893
4173,4173,6987,4878
4174,4174,1596,9179
4175,4175,5164,6483
4176,4176,1575,8849
4177,4177,4435,5193
4178,4178,9743,7267
4179,4179,1764,3038
4180,4180,8155,5126
4181,4181,6620,8599
4182,4182,7151,7802
4183,4183,2893,7597
4184,4184,4945,2042
4185,4185,911,1044
4186,4186,5726,4322
4187,4187,9350,4448
4188,4188,8382,6531
4189,4189,7414,712
4190,4190,8013,4124
4191,4191,1254,3310
4192,4192,7909,2393
4193,4193,5005,2265
4194,4194,8165,9690
4195,4195,3823,5129
4196,4196,1108,7322
4197,4197,8903,404
4198,4198,1219,9520
4199,4199,5468,3074
4200,4200,5804,7789
4201,4201,350,5885
4202,4202,3348,4674
4203,4203,7173,6656
4204,4204,2704,9791
4205,4205,844,819
4206,4206,950,5374
4207,4207,9853,2950
4208,4208,7917,1081
4209,4209,2606,5085
4210,4210,204,4507
4211,4211,858,9290
4212,4212,7537,914
4213,4213,9048,3540
4214,4214,2821,2591
4215,4215,1710,5637
4216,4216,8371,2809
4217,4217,8292,5023
4218,4218,1743,25
4219,4219,3038,1070
4220,4220,9179,8803
4221,4221,3592,462
4222,4222,7886,366
4223,4223,8288,8598
4224,4224,5893,6342
4225,4225,1167,746
4226,4226,2416,6426
4227,4227,1910,4833
4228,4228,4227,3049
4229,4229,6372,7652
4230,4230,4252,197
4231,4231,5306,786
4232,4232,5437,7033
4233,4233,7162,5524
4234,4234,9489,8220
4235,4235,2596,2584
4236,4236,5851,6991
4237,4237,5659,479
4238,4238,526,3790
4239,4239,9651,5246
4240,4240,8239,5311
4241,4241,135,5072
4242,4242,8707,8863
4243,4243,7812,8414
4244,4244,2332,7932
4245,4245,8943,2390
4246,4246,6296,1812
4247,4247,4666,7890
4248,4248,6782,7378
4249,4249,1436,6730
4250,4250,3778,653
4251,4251,2135,5752
4252,4252,2065,7299
4253,4253,8352,3069
4254,4254,3536,9547
4255,4255,840,3781
4256,4256,7280,8170
4257,4257,4079,115
4258,4258,202,2822
4259,4259,1501,8951
4260,4260,5310,7699
4261,4261,7422,4090
4262,4262,7870,8667
4263,4263,6331,7973
4264,4264,661,9623
4265,4265,8315,5949
4266,4266,8569,5176
4267,4267,548,3868
4268,4268,6273,8541
4269,4269,8257,9447
4270,4270,8240,9622
4271,4271,5918,6951
4272,4272,9026,9624
4273,4273,8339,3445
4274,4274,4504,4324
4275,4275,8734,5030
4276,4276,4694,999
4277,4277,4104,4065
4278,4278,7034,4557
4279,4279,3690,7443
4280,4280,2781,9101
4281,4281,6901,1489
4282,4282,7733,2609
4283,4283,9065,763
4284,4284,2934,5933
4285,4285,8337,4262
4286,4286,4811,2914
4287,4287,3855,1690
4288,4288,4231,9634
4289,4289,1025,3692
4290,4290,3801,6049
4291,4291,4309,5399
4292,4292,3207,4440
4293,4293,564,3113
4294,4294,226,693
4295,4295,9514,7398
4296,4296,6210,1846
4297,4297,2364,176
4298,4298,1881,4578
4299,4299,8224,2698
4300,4300,3759,8986
4301,4301,5327,3344
4302,4302,9107,9550
4303,4303,4170,2101
4304,4304,4870,6955
4305,4305,4626,8740
4306,4306,7752,94
4307,4307,5645,8707
4308,4308,5430,4398
4309,4309,5738,3441
4310,4310,1359,7155
4311,4311,180,9051
4312,4312,9861,6254
4313,4313,5395,2530
4314,4314,8435,1067
4315,4315,5223,1976
4316,4316,351,3567
4317,4317,2153,2907
4318,4318,2273,2889
4319,4319,5719,8919
4320,4320,297,6971
4321,4321,9778,8116
4322,4322,6031,7623
4323,4323,512,6236
4324,4324,1904,2343
4325,4325,1074,8292
4326,4326,5631,2899
4327,4327,1706,1977
4328,4328,1669,5283
4329,4329,9295,3217
4330,4330,5227,7668
4331,4331,5372,244
4332,4332,730,28
4333,4333,1529,4468
4334,4334,5380,8664
4335,4335,9055,6251
4336,4336,1645,9878
4337,4337,9621,1865
4338,4338,6830,4795
4339,4339,3075,330
4340,4340,1958,542
4341,4341,9603,5564
4342,4342,2894,5558
4343,4343,7515,9615
4344,4344,9362,4937
4345,4345,8160,600
4346,4346,9614,4708
4347,4347,9284,4059
4348,4348,3715,1129
4349,4349,8210,3969
4350,4350,7660,625
4351,4351,5951,2655
4352,4352,4876,5606
4353,4353,9286,8321
4354,4354,315,869
4355,4355,8875,8669
4356,4356,7231,3907
4357,4357,9647,5589
4358,4358,9956,3285
4359,4359,6849,6449
4360,4360,7534,3750
4361,4361,8590,9079
4362,4362,6949,6214
4363,4363,6745,3087
4364,4364,3638,6354
4365,4365,8887,7620
4366,4366,6200,2318
4367,4367,9704,3284
4368,4368,4777,2200
4369,4369,4829,5800
4370,4370,5700,6457
4371,4371,1840,4941
4372,4372,1914,5791
4373,4373,6705,4709
4374,4374,3336,7036
4375,4375,2141,2425
4376,4376,1274,5571
4377,4377,3093,6412
4378,4378,1215,1918
4379,4379,805,5801
4380,4380,2884,9587
4381,4381,2976,2271
4382,4382,922,7106
4383,4383,796,9796
4384,4384,1876,8703
4385,4385,3082,7203
4386,4386,3996,91
4387,4387,6090,1434
4388,4388,7251,8591
4389,4389,717,3879
4390,4390,9790,1543
4391,4391,2210,1209
4392,4392,3279,8806
4393,4393,9700,9430
4394,4394,784,8493
4395,4395,6035,2496
4396,4396,299,5500
4397,4397,3016,1509
4398,4398,1496,5083
4399,4399,3049,3655
4400,4400,8308,2969
4401,4401,4898,8107
4402,4402,9975,8238
4403,4403,3588,6879
4404,4404,4830,688
4405,4405,3254,7817
4406,4406,5957,5467
4407,4407,1134,1024
4408,4408,2246,8202
4409,4409,6190,6764
4410,4410,1894,9022
4411,4411,8526,4531
4412,4412,8053,7777
4413,4413,2236,9907
4414,4414,9672,7649
4415,4415,493,3392
4416,4416,6330,386
4417,4417,5829,4949
4418,4418,1395,5532
4419,4419,5943,7831
4420,4420,9999,587
4421,4421,9271,1966
4422,4422,5781,5390
4423,4423,2996,82
4424,4424,5720,3964
4425,4425,1021,3481
4426,4426,8387,3877
4427,4427,2420,8875
4428,4428,4867,6734
4429,4429,5373,491
4430,4430,4207,4538
4431,4431,5408,8475
4432,4432,4378,5154
4433,4433,6435,9441
4434,4434,5778,6462
4435,4435,4929,166
4436,4436,2926,9662
4437,4437,9242,1402
4438,4438,57,671
4439,4439,342,4372
4440,4440,3026,8008
4441,4441,7982,6417
4442,4442,5026,7438
4443,4443,4724,2811
4444,4444,7403,5812
4445,4445,4581,7070
4446,4446,1081,4488
4447,4447,6528,8773
4448,4448,9361,3066
4449,4449,5405,9589
4450,4450,8713,7796
4451,4451,2903,8435
4452,4452,2885,5687
4453,4453,1654,160
4454,4454,6535,9431
4455,4455,4606,5059
4456,4456,9921,1662
4457,4457,740,7715
4458,4458,2700,2666
4459,4459,1598,1059
4460,4460,71,9957
4461,4461,803,5495
4462,4462,2238,3542
4463,4463,3483,8081
4464,4464,4863,2259
4465,4465,9439,8946
4466,4466,6588,5109
4467,4467,9159,7865
4468,4468,3894,5574
4469,4469,3908,7072
4470,4470,9069,5636
4471,4471,7348,7221
4472,4472,5605,8731
4473,4473,8891,996
4474,4474,9129,964
4475,4475,7807,2612
4476,4476,3632,4008
4477,4477,1942,909
4478,4478,9040,7346
4479,4479,3553,7207
4480,4480,3729,3860
4481,4481,6363,9699
4482,4482,3121,3718
4483,4483,5501,2603
4484,4484,5083,7598
4485,4485,4878,7157
4486,4486,1755,4679
4487,4487,4956,7183
4488,4488,9390,1273
4489,4489,4056,5189
4490,4490,3615,6246
4491,4491,4627,2135
4492,4492,9940,4027
4493,4493,1398,1085
4494,4494,8928,6036
4495,4495,6574,4
4496,4496,326,2547
4497,4497,9358,2257
4498,4498,1423,8165
4499,4499,4647,374
4500,4500,6741,5028
4501,4501,6233,8882
4502,4502,3889,8176
4503,4503,1672,8142
4504,4504,5998,5790
4505,4505,7558,376
4506,4506,7093,4599
4507,4507,3293,3714
4508,4508,8124,2010
4509,4509,9056,169
4510,4510,2383,6792
4511,4511,1228,3816
4512,4512,7201,5806
4513,4513,8831,5398
4514,4514,1415,6016
4515,4515,6761,9230
4516,4516,5259,5744
4517,4517,6074,4480
4518,4518,220,8412
4519,4519,4571,9454
4520,4520,3863,4215
4521,4521,6657,9620
4522,4522,6691,9024
4523,4523,5018,137
4524,4524,9619,4740
4525,4525,8146,5055
4526,4526,1066,7405
4527,4527,5273,4266
4528,4528,4670,9605
4529,4529,2536,7050
4530,4530,5107,2620
4531,4531,6926,9724
4532,4532,7661,5640
4533,4533,4363,4590
4534,4534,915,8819
4535,4535,2060,818
4536,4536,3288,5142
4537,4537,8733,982
4538,4538,6591,296
4539,4539,6928,7960
4540,4540,5655,6861
4541,4541,7967,7141
4542,4542,6971,8439
4543,4543,6230,7165
4544,4544,7435,7729
4545,4545,4073,8668
4546,4546,9902,8736
4547,4547,8129,6494
4548,4548,4163,488
4549,4549,4232,2353
4550,4550,3543,8458
4551,4551,3007,6680
4552,4552,7045,6626
4553,4553,7488,3136
4554,4554,2912,2083
4555,4555,8379,4711
4556,4556,100,9778
4557,4557,5732,7681
4558,4558,1589,6368
4559,4559,624,3887
4560,4560,152,2245
4561,4561,3242,4386
4562,4562,584,4265
4563,4563,8670,359
4564,4564,7698,6665
4565,4565,1929,3904
4566,4566,1714,5685
4567,4567,8428,5529
4568,4568,7445,7073
4569,4569,5919,1824
4570,4570,4728,7910
4571,4571,2615,3818
4572,4572,1038,3124
4573,4573,5384,3550
4574,4574,1481,2
4575,4575,7718,5269
4576,4576,9685,8714
4577,4577,8905,1208
4578,4578,131,2694
4579,4579,7716,9077
4580,4580,8637,1464
4581,4581,128,1058
4582,4582,2336,1110
4583,4583,6364,6423
4584,4584,8017,2218
4585,4585,388,9530
4586,4586,9005,9073
4587,4587,2714,307
4588,4588,7242,6495
4589,4589,8848,1299
4590,4590,5217,5080
4591,4591,8287,3570
4592,4592,1572,1002
4593,4593,4912,3867
4594,4594,9774,2263
4595,4595,3707,6732
4596,4596,1524,1051
4597,4597,5300,5916
4598,4598,6349,4225
4599,4599,2573,3335
4600,4600,2316,3030
4601,4601,7083,2821
4602,4602,8854,5088
4603,4603,1513,567
4604,4604,7194,7853
4605,4605,5751,4297
4606,4606,6771,8626
4607,4607,6659,1910
4608,4608,7624,1956
4609,4609,6357,7431
4610,4610,4672,1060
4611,4611,3392,9252
4612,4612,4372,88
4613,4613,7365,569
4614,4614,892,3820
4615,4615,3828,9453
4616,4616,3068,1475
4617,4617,328,3710
4618,4618,8750,5964
4619,4619,1010,6525
4620,4620,791,8314
4621,4621,8663,1704
4622,4622,2785,9644
4623,4623,744,3719
4624,4624,8809,6204
4625,4625,3815,9135
4626,4626,9742,20
4627,4627,5594,7466
4628,4628,690,7215
4629,4629,924,1555
4630,4630,6582,7046
4631,4631,4570,2631
4632,4632,6718,2237
4633,4633,3929,5619
4634,4634,4914,8563
4635,4635,2858,8117
4636,4636,4332,732
4637,4637,682,4635
4638,4638,414,8957
4639,4639,214,2136
4640,4640,6216,7041
4641,4641,7016,1496
4642,4642,9332,7043
4643,4643,6786,2819
4644,4644,6944,8024
4645,4645,4396,7437
4646,4646,8878,6461
4647,4647,3944,4247
4648,4648,3617,8367
4649,4649,7548,4378
4650,4650,2619,7682
4651,4651,8841,4836
4652,4652,1571,8385
4653,4653,1267,9357
4654,4654,8768,7054
4655,4655,4942,6735
4656,4656,1056,8832
4657,4657,551,5979
4658,4658,182,2427
4659,4659,6360,4957
4660,4660,4235,3614
4661,4661,3645,6136
4662,4662,4263,6757
4663,4663,7555,1561
4664,4664,8719,26
4665,4665,3775,6723
4666,4666,3548,9653
4667,4667,7198,7435
4668,4668,1332,3583
4669,4669,1406,7339
4670,4670,3751,9053
4671,4671,2408,7245
4672,4672,9875,766
4673,4673,5458,4896
4674,4674,5614,8046
4675,4675,2814,8272
4676,4676,8760,9320
4677,4677,3685,6414
4678,4678,7685,993
4679,4679,4082,6312
4680,4680,4070,8581
4681,4681,4681,4911
4682,4682,8791,9456
4683,4683,1075,2800
4684,4684,1447,1597
4685,4685,377,7201
4686,4686,2718,9838
4687,4687,2923,7954
4688,4688,6269,6570
4689,4689,6182,9888
4690,4690,1786,6490
4691,4691,6426,1117
4692,4692,1859,1453
4693,4693,6787,8934
4694,4694,6085,9199
4695,4695,7858,8546
4696,4696,5926,794
4697,4697,7467,1859
4698,4698,4122,2700
4699,4699,1792,402
4700,4700,1384,519
4701,4701,3862,2910
4702,4702,6850,2701
4703,4703,4943,4681
4704,4704,215,4030
4705,4705,9329,3289
4706,4706,7561,9852
4707,4707,7090,7209
4708,4708,959,2635
4709,4709,8446,4921
4710,4710,9933,164
4711,4711,1237,5657
4712,4712,5474,6387
4713,4713,8142,1750
4714,4714,4658,4720
4715,4715,2842,7788
4716,4716,9768,9739
4717,4717,6093,1943
4718,4718,3865,9169
4719,4719,1449,4105
4720,4720,3860,4872
4721,4721,8695,2290
4722,4722,5674,734
4723,4723,7292,2796
4724,4724,590,6458
4725,4725,2868,2829
4726,4726,6377,9306
4727,4727,9889,2561
4728,4728,3704,6453
4729,4729,9100,7505
4730,4730,8531,3218
4731,4731,9456,9961
4732,4732,7979,1747
4733,4733,8068,868
4734,4734,5603,9336
4735,4735,3162,8888
4736,4736,5020,4464
4737,4737,2994,2107
4738,4738,3036,7712
4739,4739,824,6900
4740,4740,8281,3662
4741,4741,2138,7453
4742,4742,1084,8476
4743,4743,2018,6233
4744,4744,2491,5180
4745,4745,8030,4741
4746,4746,3564,9830
4747,4747,7497,1856
4748,4748,461,1997
4749,4749,4051,1602
4750,4750,2411,3064
4751,4751,8494,942
4752,4752,2843,6405
4753,4753,1495,5738
4754,4754,6779,1550
4755,4755,8345,9393
4756,4756,4456,5153
4757,4757,7124,1369
4758,4758,5818,1157
4759,4759,4538,2399
4760,4760,7768,5902
4761,4761,3558,2540
4762,4762,1996,5474
4763,4763,9459,2019
4764,4764,468,2732
4765,4765,3788,661
4766,4766,6063,6168
4767,4767,4447,9703
4768,4768,6123,8633
4769,4769,5505,367
4770,4770,2120,927
4771,4771,3328,414
4772,4772,7043,3785
4773,4773,2925,4275
4774,4774,2810,2836
4775,4775,7717,261
4776,4776,2485,204
4777,4777,4683,9800
4778,4778,2126,1864
4779,4779,2137,6298
4780,4780,760,4287
4781,4781,9567,6664
4782,4782,9872,6292
4783,4783,9998,8361
4784,4784,3346,2984
4785,4785,5895,9987
4786,4786,827,7750
4787,4787,6831,5483
4788,4788,7207,2619
4789,4789,4088,5847
4790,4790,994,1978
4791,4791,108,1131
4792,4792,2586,5235
4793,4793,8912,2521
4794,4794,9838,9065
4795,4795,574,5385
4796,4796,2343,6149
4797,4797,6338,9976
4798,4798,6271,3428
4799,4799,8410,2005
4800,4800,750,585
4801,4801,795,3707
4802,4802,2290,1575
4803,4803,5173,5264
4804,4804,6558,3966
4805,4805,9386,1535
4806,4806,6267,7912
4807,4807,9625,7065
4808,4808,5575,2422
4809,4809,5292,6579
4810,4810,6280,1278
4811,4811,6207,3857
4812,4812,9298,9105
4813,4813,3952,8054
4814,4814,7166,6731
4815,4815,3626,790
4816,4816,9526,6565
4817,4817,6755,6797
4818,4818,316,1220
4819,4819,2367,7895
4820,4820,2936,3713
4821,4821,3015,8715
4822,4822,7696,6962
4823,4823,9085,7588
4824,4824,9195,7575
4825,4825,9868,4552
4826,4826,6062,4017
4827,4827,3520,5986
4828,4828,5595,2749
4829,4829,2817,61
4830,4830,6847,8225
4831,4831,2523,8372
4832,4832,6612,3320
4833,4833,9961,3728
4834,4834,4960,6580
4835,4835,4257,8438
4836,4836,3799,3388
4837,4837,427,2847
4838,4838,2460,5721
4839,4839,1763,4772
4840,4840,8238,2599
4841,4841,5423,656
4842,4842,7872,4868
4843,4843,1687,5726
4844,4844,706,8444
4845,4845,2240,3954
4846,4846,1221,6054
4847,4847,2578,2173
4848,4848,8106,192
4849,4849,1216,7176
4850,4850,2,4458
4851,4851,3883,5098
4852,4852,4737,9810
4853,4853,9573,7426
4854,4854,4080,3082
4855,4855,2946,8727
4856,4856,3010,6380
4857,4857,9449,7552
4858,4858,8992,7248
4859,4859,1813,8430
4860,4860,5313,3464
4861,4861,8899,5220
4862,4862,9814,3532
4863,4863,4588,4013
4864,4864,444,724
4865,4865,1552,4001
4866,4866,223,7509
4867,4867,7519,2802
4868,4868,3986,8671
4869,4869,5896,9966
4870,4870,1856,3076
4871,4871,7003,9206
4872,4872,7513,1335
4873,4873,3430,2119
4874,4874,9177,6882
4875,4875,530,7349
4876,4876,2023,4490
4877,4877,374,4977
4878,4878,9391,8962
4879,4879,6563,5186
4880,4880,9404,9802
4881,4881,9477,3752
4882,4882,4947,9060
4883,4883,5441,5683
4884,4884,5989,2014
4885,4885,2987,4346
4886,4886,4910,9170
4887,4887,8400,9964
4888,4888,7707,7094
4889,4889,6087,2371
4890,4890,2731,4413
4891,4891,7423,410
4892,4892,4478,6008
4893,4893,7126,1365
4894,4894,4039,8997
4895,4895,9109,6814
4896,4896,69,8031
4897,4897,1941,4220
4898,4898,5510,7935
4899,4899,8907,6870
4900,4900,3426,4831
4901,4901,9047,9368
4902,4902,7840,3056
4903,4903,1062,9377
4904,4904,2853,8952
4905,4905,6000,1268
4906,4906,3774,5863
4907,4907,8555,6590
4908,4908,8266,3985
4909,4909,3358,2213
4910,4910,8002,8816
4911,4911,5980,304
4912,4912,373,9383
4913,4913,2919,8241
4914,4914,1591,7698
4915,4915,4233,5308
4916,4916,3345,6078
4917,4917,2390,727
4918,4918,8218,1201
4919,4919,2741,2193
4920,4920,5525,6933
4921,4921,7590,9229
4922,4922,8500,7819
4923,4923,6076,1935
4924,4924,198,8029
4925,4925,7491,7402
4926,4926,5016,2896
4927,4927,5388,9090
4928,4928,6262,8719
4929,4929,9268,3246
4930,4930,7032,7798
4931,4931,4804,3196
4932,4932,7241,2727
4933,4933,4098,9882
4934,4934,3805,8864
4935,4935,6102,9750
4936,4936,9251,3323
4937,4937,6853,5955
4938,4938,742,2824
4939,4939,7901,6095
4940,4940,8355,669
4941,4941,446,4776
4942,4942,9275,9009
4943,4943,4296,7824
4944,4944,9985,5491
4945,4945,8652,3048
4946,4946,9781,1008
4947,4947,9941,218
4948,4948,4572,1158
4949,4949,9248,2601
4950,4950,1261,6583
4951,4951,5261,7782
4952,4952,280,643
4953,4953,1382,8767
4954,4954,7232,1174
4955,4955,1344,2225
4956,4956,5761,7391
4957,4957,5687,5650
4958,4958,3465,3631
4959,4959,9736,9735
4960,4960,7546,4685
4961,4961,4575,7249
4962,4962,8253,7489
4963,4963,1871,1989
4964,4964,8356,8487
4965,4965,4386,7434
4966,4966,4750,1023
4967,4967,8515,4887
4968,4968,2541,7035
4969,4969,4669,9839
4970,4970,6309,8061
4971,4971,5033,1312
4972,4972,5873,77
4973,4973,9545,4359
4974,4974,5854,5503
4975,4975,9435,939
4976,4976,8662,264
4977,4977,1105,5025
4978,4978,4374,7723
4979,4979,2062,332
4980,4980,6687,9420
4981,4981,6977,2985
4982,4982,947,5876
4983,4983,5029,8027
4984,4984,4468,9242
4985,4985,1629,3477
4986,4986,6861,7210
4987,4987,7429,5278
4988,4988,1286,705
4989,4989,1836,7841
4990,4990,1119,4058
4991,4991,453,8474
4992,4992,7965,2011
4993,4993,1114,3474
4994,4994,2621,1937
4995,4995,2093,5567
4996,4996,3620,272
4997,4997,1601,2602
4998,4998,1673,6909
4999,4999,3789,2172
5000,5000,47,7783
5001,5001,1508,5369
5002,5002,8624,2055
5003,5003,3034,3374
5004,5004,2837,3730
5005,5005,2117,4893
5006,5006,7794,4011
5007,5007,1567,5501
5008,5008,1842,5345
5009,5009,4864,9935
5010,5010,2074,2383
5011,5011,5549,4429
5012,5012,5294,8958
5013,5013,8254,6217
5014,5014,6715,8383
5015,5015,6431,5077
5016,5016,7088,5418
5017,5017,7081,9205
5018,5018,9604,3004
5019,5019,4035,3955
5020,5020,4018,3425
5021,5021,7319,9296
5022,5022,3255,4665
5023,5023,45,6401
5024,5024,535,9567
5025,5025,4580,3332
5026,5026,662,7686
5027,5027,9706,7132
5028,5028,5210,6934
5029,5029,2723,6048
5030,5030,7879,3096
5031,5031,8758,946
5032,5032,2292,5261
5033,5033,1351,4914
5034,5034,2067,8298
5035,5035,9216,9886
5036,5036,7689,6279
5037,5037,3873,8187
5038,5038,2505,5170
5039,5039,5672,7186
5040,5040,575,3309
5041,5041,7186,5366
5042,5042,3555,7907
5043,5043,1920,6447
5044,5044,6497,4824
5045,5045,1430,2188
5046,5046,6490,1946
5047,5047,6817,5537
5048,5048,8944,8120
5049,5049,1214,2854
5050,5050,3059,9879
5051,5051,8421,9606
5052,5052,2476,3496
5053,5053,6697,8993
5054,5054,4716,4320
5055,5055,2406,220
5056,5056,9741,7175
5057,5057,1962,236
5058,5058,4453,3676
5059,5059,2061,9975
5060,5060,7476,6761
5061,5061,6099,4606
5062,5062,7239,8974
5063,5063,2006,2624
5064,5064,8993,2020
5065,5065,6176,5206
5066,5066,4395,616
5067,5067,5309,1104
5068,5068,8833,6438
5069,5069,713,3275
5070,5070,8994,3555
5071,5071,4730,520
5072,5072,4317,4298
5073,5073,4430,3999
5074,5074,4406,7870
5075,5075,5438,9341
5076,5076,4199,8146
5077,5077,4988,1857
5078,5078,1048,1381
5079,5079,9955,780
5080,5080,281,919
5081,5081,8632,2123
5082,5082,1173,2587
5083,5083,8176,5570
5084,5084,9987,4817
5085,5085,2458,8389
5086,5086,5533,4088
5087,5087,1144,1038
5088,5088,6837,3789
5089,5089,7374,2940
5090,5090,8249,573
5091,5091,2461,7927
5092,5092,2569,1322
5093,5093,871,6257
5094,5094,5925,6176
5095,5095,3319,7421
5096,5096,4358,8848
5097,5097,7062,2673
5098,5098,295,7097
5099,5099,2443,4510
5100,5100,3574,3919
5101,5101,1511,5629
5102,5102,9729,5310
5103,5103,7285,3235
5104,5104,2756,5978
5105,5105,1638,2330
5106,5106,3385,5409
5107,5107,1621,9991
5108,5108,2860,5201
5109,5109,2565,2882
5110,5110,5796,5177
5111,5111,5192,7081
5112,5112,9502,1801
5113,5113,6600,4865
5114,5114,7439,3523
5115,5115,9723,2676
5116,5116,7913,8697
5117,5117,5297,9645
5118,5118,2533,4805
5119,5119,5302,5695
5120,5120,1646,4419
5121,5121,15,4323
5122,5122,4003,2642
5123,5123,5562,8812
5124,5124,3178,850
5125,5125,8236,4338
5126,5126,7485,4146
5127,5127,230,812
5128,5128,1011,3638
5129,5129,7209,937
5130,5130,8655,8776
5131,5131,1311,8945
5132,5132,3985,1677
5133,5133,2897,5561
5134,5134,8558,7197
5135,5135,4057,9458
5136,5136,984,9768
5137,5137,2511,8378
5138,5138,4815,6142
5139,5139,8046,8471
5140,5140,423,6216
5141,5141,6164,5722
5142,5142,8488,1456
5143,5143,9399,2850
5144,5144,5755,9680
5145,5145,4738,3411
5146,5146,1427,8650
5147,5147,1661,7388
5148,5148,6159,9945
5149,5149,2296,4160
5150,5150,2086,2239
5151,5151,3468,2281
5152,5152,2335,2776
5153,5153,6688,251
5154,5154,6870,2743
5155,5155,9206,3188
5156,5156,3451,4244
5157,5157,8078,8119
5158,5158,617,420
5159,5159,2859,40
5160,5160,9759,7886
5161,5161,4671,6318
5162,5162,6397,3401
5163,5163,1391,224
5164,5164,8492,4231
5165,5165,9745,8432
5166,5166,4584,5980
5167,5167,7899,6663
5168,5168,8354,1370
5169,5169,9292,7149
5170,5170,9702,2039
5171,5171,5235,9832
5172,5172,3593,8590
5173,5173,6698,791
5174,5174,8736,7617
5175,5175,9829,5270
5176,5176,6673,6989
5177,5177,9825,9130
5178,5178,2851,1963
5179,5179,4157,5525
5180,5180,1063,3455
5181,5181,4066,7661
5182,5182,2625,3613
5183,5183,2871,6903
5184,5184,3086,321
5185,5185,1013,8311
5186,5186,9844,9176
5187,5187,7361,3272
5188,5188,8453,5068
5189,5189,7110,8754
5190,5190,189,9619
5191,5191,7773,9572
5192,5192,5828,5530
5193,5193,6378,154
5194,5194,9972,6004
5195,5195,8092,3997
5196,5196,3858,2202
5197,5197,9278,390
5198,5198,4432,7633
5199,5199,5814,6229
5200,5200,3220,9559
5201,5201,7097,647
5202,5202,8127,4439
5203,5203,5848,6572
5204,5204,3312,4374
5205,5205,9214,7850
5206,5206,5411,7689
5207,5207,8671,8765
5208,5208,1248,203
5209,5209,1949,3139
5210,5210,9066,1310
5211,5211,9374,888
5212,5212,580,8045
5213,5213,474,527
5214,5214,2824,6558
5215,5215,5709,986
5216,5216,1974,4148
5217,5217,1077,6674
5218,5218,826,1319
5219,5219,2542,9483
5220,5220,882,1075
5221,5221,6112,6277
5222,5222,6516,7926
5223,5223,8900,19
5224,5224,0,4742
5225,5225,1257,3930
5226,5226,9254,4763
5227,5227,67,9467
5228,5228,8126,458
5229,5229,8255,4931
5230,5230,39,4839
5231,5231,3972,6787
5232,5232,5334,5834
5233,5233,5168,9151
5234,5234,2738,2948
5235,5235,5839,4511
5236,5236,8724,5808
5237,5237,7789,8948
5238,5238,2402,8166
5239,5239,4176,74
5240,5240,7177,3338
5241,5241,1353,186
5242,5242,1664,2593
5243,5243,2075,1574
5244,5244,5010,8058
5245,5245,8790,1522
5246,5246,4514,8050
5247,5247,6710,1349
5248,5248,1808,1477
5249,5249,7931,3413
5250,5250,3649,3234
5251,5251,7255,4255
5252,5252,3562,5892
5253,5253,562,8545
5254,5254,4414,6679
5255,5255,7245,248
5256,5256,3970,3023
5257,5257,5771,4050
5258,5258,4727,6043
5259,5259,7120,9132
5260,5260,2494,4791
5261,5261,5098,6391
5262,5262,2116,8558
5263,5263,6546,1728
5264,5264,6561,504
5265,5265,8785,7780
5266,5266,6436,5009
5267,5267,6318,278
5268,5268,1732,4004
5269,5269,1795,1293
5270,5270,702,8214
5271,5271,9640,2402
5272,5272,5794,3963
5273,5273,8480,2274
5274,5274,5248,8203
5275,5275,431,4700
5276,5276,8122,5700
5277,5277,985,1528
5278,5278,981,4310
5279,5279,4721,3085
5280,5280,9364,6844
5281,5281,3610,9272
5282,5282,777,5582
5283,5283,3144,8583
5284,5284,874,8369
5285,5285,8571,7601
5286,5286,8336,2663
5287,5287,1585,6271
5288,5288,4061,5728
5289,5289,7947,4581
5290,5290,8959,9067
5291,5291,3415,6045
5292,5292,6769,3227
5293,5293,2274,2493
5294,5294,5715,6444
5295,5295,7067,677
5296,5296,425,4710
5297,5297,3111,3521
5298,5298,7111,9264
5299,5299,5053,1426
5300,5300,5748,2169
5301,5301,2177,7793
5302,5302,312,4908
5303,5303,2162,9578
5304,5304,7500,2890
5305,5305,3928,4385
5306,5306,738,9660
5307,5307,3380,9334
5308,5308,4642,4024
5309,5309,4247,8429
5310,5310,5801,6250
5311,5311,2423,8520
5312,5312,401,2150
5313,5313,3223,4157
5314,5314,2107,305
5315,5315,5847,5473
5316,5316,2031,7394
5317,5317,5244,4308
5318,5318,6788,9234
5319,5319,9752,1073
5320,5320,3640,7790
5321,5321,5350,6842
5322,5322,5374,3953
5323,5323,9308,7028
5324,5324,6742,9263
5325,5325,5609,7989
5326,5326,7986,6959
5327,5327,3554,3617
5328,5328,813,118
5329,5329,2540,6584
5330,5330,4160,3469
5331,5331,224,5903
5332,5332,9076,6167
5333,5333,5640,8177
5334,5334,6032,1620
5335,5335,9845,1433
5336,5336,4410,2405
5337,5337,1748,2719
5338,5338,2007,4063
5339,5339,2055,8717
5340,5340,8407,1700
5341,5341,2504,8850
5342,5342,4471,2715
5343,5343,365,3262
5344,5344,8329,7906
5345,5345,8033,829
5346,5346,6057,3768
5347,5347,2682,4959
5348,5348,2794,8433
5349,5349,4451,1603
5350,5350,103,3210
5351,5351,5840,1469
5352,5352,2804,6967
5353,5353,7079,9540
5354,5354,8149,1831
5355,5355,9493,2080
5356,5356,1860,3189
5357,5357,6717,6343
5358,5358,5857,7496
5359,5359,5992,530
5360,5360,3565,5282
5361,5361,5496,3498
5362,5362,150,2872
5363,5363,6838,5243
5364,5364,3747,6873
5365,5365,438,834
5366,5366,9624,6943
5367,5367,4812,1895
5368,5368,8093,7762
5369,5369,4140,336
5370,5370,1372,3659
5371,5371,1146,5826
5372,5372,1199,5672
5373,5373,8755,9944
5374,5374,1466,7096
5375,5375,5428,6895
5376,5376,672,9200
5377,5377,404,7100
5378,5378,3071,5853
5379,5379,4108,5262
5380,5380,2459,3914
5381,5381,3898,9983
5382,5382,6301,9510
5383,5383,6945,8898
5384,5384,4220,3093
5385,5385,5889,7704
5386,5386,7736,8442
5387,5387,1691,3607
5388,5388,8894,351
5389,5389,7359,6911
5390,5390,6866,6514
5391,5391,5344,6554
5392,5392,1581,7364
5393,5393,9249,5017
5394,5394,3243,93
5395,5395,2603,4994
5396,5396,2282,84
5397,5397,2431,6475
5398,5398,752,608
5399,5399,8432,6240
5400,5400,9324,3792
5401,5401,6084,1329
5402,5402,7620,3602
5403,5403,1155,4035
5404,5404,8310,5078
5405,5405,7688,8606
5406,5406,8683,7118
5407,5407,6983,8204
5408,5408,62,5587
5409,5409,8540,7239
5410,5410,773,7830
5411,5411,2046,7864
5412,5412,2652,464
5413,5413,9028,3140
5414,5414,7326,782
5415,5415,5913,421
5416,5416,6289,5002
5417,5417,2125,7506
5418,5418,7839,4392
5419,5419,25,9369
5420,5420,5541,8102
5421,5421,5885,9528
5422,5422,2574,7580
5423,5423,2214,8255
5424,5424,7424,2815
5425,5425,6586,1972
5426,5426,1323,9844
5427,5427,9642,3737
5428,5428,1431,3834
5429,5429,1225,3791
5430,5430,7615,3726
5431,5431,7371,5604
5432,5432,6294,9432
5433,5433,211,7687
5434,5434,3512,6207
5435,5435,4222,8148
5436,5436,2123,4517
5437,5437,2642,7246
5438,5438,7316,5968
5439,5439,6228,1899
5440,5440,5681,1645
5441,5441,4100,3201
5442,5442,762,3303
5443,5443,6765,7671
5444,5444,3170,9464
5445,5445,1845,235
5446,5446,3787,4778
5447,5447,6840,1589
5448,5448,4307,6771
5449,5449,8889,2058
5450,5450,5559,3199
5451,5451,8406,906
5452,5452,8871,6060
5453,5453,1292,3019
5454,5454,5001,513
5455,5455,9272,6466
5456,5456,7730,2986
5457,5457,832,1427
5458,5458,3024,139
5459,5459,7128,4149
5460,5460,9644,7779
5461,5461,8148,110
5462,5462,8579,5865
5463,5463,6075,7985
5464,5464,5597,1840
5465,5465,759,9652
5466,5466,384,1671
5467,5467,3953,7066
5468,5468,1435,948
5469,5469,9465,9214
5470,5470,9093,3297
5471,5471,4800,2411
5472,5472,9123,5443
5473,5473,3691,3390
5474,5474,1202,3457
5475,5475,586,8508
5476,5476,1386,4777
5477,5477,658,6323
5478,5478,1717,2325
5479,5479,3452,4636
5480,5480,7061,3629
5481,5481,4412,6459
5482,5482,9840,1281
5483,5483,7272,9261
5484,5484,9527,8246
5485,5485,8958,2703
5486,5486,3696,7039
5487,5487,4341,8530
5488,5488,539,5689
5489,5489,6177,7772
5490,5490,6604,9607
5491,5491,153,3488
5492,5492,9925,4730
5493,5493,5785,8901
5494,5494,1767,4802
5495,5495,8384,9799
5496,5496,8094,6265
5497,5497,7916,2792
5498,5498,8423,8149
5499,5499,7838,8602
5500,5500,2831,5777
5501,5501,4505,4537
5502,5502,5211,2849
5503,5503,6281,551
5504,5504,2189,7619
5505,5505,970,9858
5506,5506,6693,5794
5507,5507,6368,9672
5508,5508,8079,5662
5509,5509,9448,833
5510,5510,9355,4023
5511,5511,9962,3740
5512,5512,6370,4473
5513,5513,9149,6529
5514,5514,5269,1448
5515,5515,2157,1852
5516,5516,9049,1581
5517,5517,2915,4930
5518,5518,395,4185
5519,5519,7056,3171
5520,5520,8282,385
5521,5521,4095,1746
5522,5522,7836,6510
5523,5523,8116,4521
5524,5524,5601,8502
5525,5525,1012,615
5526,5526,4729,4444
5527,5527,6416,553
5528,5528,1180,897
5529,5529,8018,7959
5530,5530,1428,9600
5531,5531,5074,8789
5532,5532,1872,4841
5533,5533,9591,8157
5534,5534,22,3426
5535,5535,2770,2927
5536,5536,6355,8942
5537,5537,7997,687
5538,5538,5688,3223
5539,5539,7890,9446
5540,5540,2251,3245
5541,5541,6353,403
5542,5542,2582,7603
5543,5543,4009,3513
5544,5544,3001,6953
5545,5545,303,7059
5546,5546,3923,8299
5547,5547,1069,9748
5548,5548,2166,2517
5549,5549,8182,5480
5550,5550,5364,3286
5551,5551,8401,9406
5552,5552,7918,7413
5553,5553,3840,743
5554,5554,5865,5698
5555,5555,9612,2691
5556,5556,9121,52
5557,5557,5238,9681
5558,5558,3216,2795
5559,5559,5118,4989
5560,5560,7148,4816
5561,5561,8999,3886
5562,5562,1397,7295
5563,5563,8360,313
5564,5564,8215,3547
5565,5565,7987,4866
5566,5566,1343,2974
5567,5567,6402,3321
5568,5568,8658,8702
5569,5569,4788,3571
5570,5570,5891,9364
5571,5571,7338,4000
5572,5572,7305,4513
5573,5573,6557,7164
5574,5574,8589,680
5575,5575,5052,6057
5576,5576,931,2729
5577,5577,2176,4080
5578,5578,1866,6258
5579,5579,4102,9253
5580,5580,5065,9918
5581,5581,3356,81
5582,5582,450,9997
5583,5583,4052,5128
5584,5584,8865,5244
5585,5585,9509,9898
5586,5586,259,6562
5587,5587,7197,2823
5588,5588,8911,6586
5589,5589,4278,8479
5590,5590,1994,3466
5591,5591,7315,2693
5592,5592,9598,5349
5593,5593,2982,7753
5594,5594,522,9638
5595,5595,7597,9023
5596,5596,1487,2747
5597,5597,698,2572
5598,5598,7437,5857
5599,5599,7270,2408
5600,5600,9786,2527
5601,5601,6232,7243
5602,5602,5365,6648
5603,5603,8605,8441
5604,5604,7961,4766
5605,5605,166,4039
5606,5606,9534,1548
5607,5607,7576,8139
5608,5608,5099,267
5609,5609,5329,6399
5610,5610,3327,1898
5611,5611,5833,2431
5612,5612,9599,5830
5613,5613,1972,1317
5614,5614,3323,5579
5615,5615,5032,853
5616,5616,5706,4327
5617,5617,937,492
5618,5618,5859,9716
5619,5619,1633,2359
5620,5620,6333,697
5621,5621,9689,4885
5622,5622,3782,8356
5623,5623,6167,9546
5624,5624,1619,674
5625,5625,8260,5502
5626,5626,4281,6276
5627,5627,8919,6954
5628,5628,1627,749
5629,5629,8014,4271
5630,5630,8554,4428
5631,5631,4621,1914
5632,5632,673,9717
5633,5633,9230,7425
5634,5634,5516,8612
5635,5635,9155,8665
5636,5636,4472,1015
5637,5637,2739,9288
5638,5638,3309,1912
5639,5639,7051,250
5640,5640,9803,2697
5641,5641,6459,515
5642,5642,3372,4934
5643,5643,7352,6027
5644,5644,5984,741
5645,5645,176,1913
5646,5646,8394,6658
5647,5647,6845,8194
5648,5648,9808,9919
5649,5649,9543,9848
5650,5650,7572,8867
5651,5651,8740,5099
5652,5652,699,3585
5653,5653,5049,2121
5654,5654,5116,3779
5655,5655,7336,8374
5656,5656,2302,845
5657,5657,3818,2377
5658,5658,8048,7739
5659,5659,7549,3640
5660,5660,216,9854
5661,5661,4785,4232
5662,5662,3517,6155
5663,5663,4965,5211
5664,5664,6149,8451
5665,5665,4245,8223
5666,5666,3486,6517
5667,5667,5239,9789
5668,5668,5764,1660
5669,5669,2122,1418
5670,5670,7785,2903
5671,5671,3408,8229
5672,5672,4558,7038
5673,5673,9608,4856
5674,5674,3886,2416
5675,5675,3275,5411
5676,5676,1446,1784
5677,5677,8231,4765
5678,5678,2127,5763
5679,5679,9585,6331
5680,5680,4116,2557
5681,5681,2114,3061
5682,5682,5544,1140
5683,5683,8034,4622
5684,5684,5574,7643
5685,5685,7397,5915
5686,5686,3795,2672
5687,5687,5094,5870
5688,5688,8119,1866
5689,5689,3913,8596
5690,5690,2780,1572
5691,5691,5629,146
5692,5692,884,373
5693,5693,2580,8408
5694,5694,6184,4971
5695,5695,7759,2017
5696,5696,8586,6505
5697,5697,9070,4421
5698,5698,5153,5447
5699,5699,4874,1014
5700,5700,3995,9359
5701,5701,9810,59
5702,5702,8071,1911
5703,5703,8399,1630
5704,5704,321,2637
5705,5705,8764,380
5706,5706,1364,1420
5707,5707,5717,2784
5708,5708,68,8285
5709,5709,1273,4484
5710,5710,6224,4929
5711,5711,9239,5924
5712,5712,2751,1211
5713,5713,7921,5717
5714,5714,6362,686
5715,5715,7658,7032
5716,5716,98,4639
5717,5717,9960,9472
5718,5718,5214,1294
5719,5719,3847,1925
5720,5720,8699,6209
5721,5721,695,6500
5722,5722,1530,9809
5723,5723,7996,8169
5724,5724,665,7563
5725,5725,7936,7943
5726,5726,2484,5932
5727,5727,8490,4995
5728,5728,9968,5727
5729,5729,60,9686
5730,5730,1862,9730
5731,5731,2634,7991
5732,5732,5780,3169
5733,5733,9197,4853
5734,5734,9190,6875
5735,5735,5666,5061
5736,5736,6243,7303
5737,5737,8783,8868
5738,5738,2269,7410
5739,5739,7146,4500
5740,5740,886,2932
5741,5741,1852,6985
5742,5742,7267,7135
5743,5743,3712,5136
5744,5744,9862,841
5745,5745,2208,968
5746,5746,3165,8696
5747,5747,9963,2397
5748,5748,8576,3696
5749,5749,7694,3167
5750,5750,158,4073
5751,5751,3166,7613
5752,5752,8343,2675
5753,5753,6645,6481
5754,5754,7291,8879
5755,5755,9914,5770
5756,5756,2317,5814
5757,5757,7885,320
5758,5758,2661,9851
5759,5759,399,3601
5760,5760,2537,7587
5761,5761,101,3359
5762,5762,8051,8320
5763,5763,7456,1090
5764,5764,725,2350
5765,5765,2334,7722
5766,5766,1470,1580
5767,5767,4635,2434
5768,5768,5354,9237
5769,5769,233,5939
5770,5770,1995,6864
5771,5771,8922,7836
5772,5772,1272,8586
5773,5773,8202,3511
5774,5774,1001,131
5775,5775,2669,2736
5776,5776,3837,7237
5777,5777,352,8996
5778,5778,6040,9177
5779,5779,6676,2456
5780,5780,2221,4844
5781,5781,1213,6826
5782,5782,9270,7134
5783,5783,8547,3690
5784,5784,6526,499
5785,5785,209,5963
5786,5786,8261,4705
5787,5787,712,7537
5788,5788,3917,33
5789,5789,7991,6794
5790,5790,7568,2856
5791,5791,7455,2133
5792,5792,5419,5121
5793,5793,6737,1028
5794,5794,250,6107
5795,5795,8822,2916
5796,5796,683,2027
5797,5797,4512,4026
5798,5798,9356,6077
5799,5799,5546,1339
5800,5800,8805,8827
5801,5801,8242,9950
5802,5802,3197,8634
5803,5803,1211,3224
5804,5804,2941,7595
5805,5805,6914,9000
5806,5806,6234,5192
5807,5807,3525,1127
5808,5808,4637,1355
5809,5809,2882,7700
5810,5810,5270,4044
5811,5811,1961,5120
5812,5812,8103,8201
5813,5813,966,2760
5814,5814,2547,9949
5815,5815,3478,191
5816,5816,9934,3903
5817,5817,396,4179
5818,5818,4457,4038
5819,5819,5793,835
5820,5820,3732,2964
5821,5821,3282,4396
5822,5822,1916,3972
5823,5823,3315,5396
5824,5824,8138,6485
5825,5825,3179,3400
5826,5826,2032,2513
5827,5827,4608,5900
5828,5828,9846,8954
5829,5829,8312,3715
5830,5830,7204,9353
5831,5831,1677,8275
5832,5832,626,4737
5833,5833,3736,5635
5834,5834,7682,6638
5835,5835,2579,6685
5836,5836,7133,4147
5837,5837,8976,916
5838,5838,3125,1582
5839,5839,3112,577
5840,5840,4689,7923
5841,5841,4288,6179
5842,5842,2713,6326
5843,5843,9086,9210
5844,5844,5515,8267
5845,5845,8737,1613
5846,5846,6524,8856
5847,5847,3180,4456
5848,5848,4565,5358
5849,5849,5196,5693
5850,5850,8303,7525
5851,5851,8859,8090
5852,5852,1179,7355
5853,5853,7877,6817
5854,5854,2186,2594
5855,5855,7680,7277
5856,5856,7430,7998
5857,5857,7192,3626
5858,5858,6641,7463
5859,5859,4511,1901
5860,5860,5882,5862
5861,5861,2658,9231
5862,5862,2948,6708
5863,5863,8469,8564
5864,5864,1243,931
5865,5865,3434,4794
5866,5866,5250,3866
5867,5867,2097,8141
5868,5868,6571,7444
5869,5869,3129,2748
5870,5870,4673,1134
5871,5871,6566,842
5872,5872,2601,9332
5873,5873,5103,8936
5874,5874,5924,6634
5875,5875,4708,232
5876,5876,4759,1501
5877,5877,8098,7851
5878,5878,5602,2794
5879,5879,7944,9506
5880,5880,9469,8526
5881,5881,1790,3977
5882,5882,2301,5991
5883,5883,1919,2381
5884,5884,7830,3668
5885,5885,3441,4012
5886,5886,2151,3897
5887,5887,2213,5745
5888,5888,736,1863
5889,5889,6472,7115
5890,5890,3368,1431
5891,5891,680,2269
5892,5892,7675,9479
5893,5893,2861,6512
5894,5894,3979,3952
5895,5895,8968,2114
5896,5896,1136,8529
5897,5897,5887,2848
5898,5898,92,5688
5899,5899,4770,6800
5900,5900,3635,9128
5901,5901,7427,1724
5902,5902,5422,8822
5903,5903,9496,4397
5904,5904,2790,8480
5905,5905,5036,7336
5906,5906,7057,4981
5907,5907,848,8250
5908,5908,1758,4630
5909,5909,6285,6687
5910,5910,9138,630
5911,5911,7357,8970
5912,5912,1474,2304
5913,5913,5886,6683
5914,5914,9980,2621
5915,5915,5059,2117
5916,5916,7480,7279
5917,5917,4780,1790
5918,5918,5921,9394
5919,5919,4954,6721
5920,5920,8697,8547
5921,5921,9115,4874
5922,5922,8780,1804
5923,5923,1121,8309
5924,5924,8409,8073
5925,5925,7398,5254
5926,5926,6625,8346
5927,5927,7756,7192
5928,5928,3045,5709
5929,5929,4334,1187
5930,5930,4005,8617
5931,5931,9538,9046
5932,5932,4206,5323
5933,5933,4479,3950
5934,5934,968,5049
5935,5935,5102,127
5936,5936,2110,7143
5937,5937,6980,2845
5938,5938,6483,3060
5939,5939,6094,1952
5940,5940,627,21
5941,5941,8566,3329
5942,5942,9233,3098
5943,5943,2566,9732
5944,5944,7250,5100
5945,5945,6921,1123
5946,5946,846,2543
5947,5947,8220,4449
5948,5948,9748,2081
5949,5949,8177,7052
5950,5950,3145,7538
5951,5951,4979,9793
5952,5952,8277,9960
5953,5953,8806,6523
5954,5954,8168,5775
5955,5955,7075,3163
5956,5956,1304,8524
5957,5957,302,1017
5958,5958,8441,9992
5959,5959,7290,1170
5960,5960,7165,5097
5961,5961,2076,5957
5962,5962,1700,3912
5963,5963,5622,1346
5964,5964,7825,67
5965,5965,8923,2978
5966,5966,8824,3753
5967,5967,9858,4785
5968,5968,7174,5909
5969,5969,7928,4684
5970,5970,2338,8674
5971,5971,1762,903
5972,5972,4458,9843
5973,5973,2708,1285
5974,5974,4258,9508
5975,5975,7993,5456
5976,5976,3888,9917
5977,5977,6895,3881
5978,5978,1104,7091
5979,5979,4516,7967
5980,5980,7465,3206
5981,5981,3251,9496
5982,5982,7419,48
5983,5983,9173,3822
5984,5984,6647,2179
5985,5985,3213,6740
5986,5986,5355,8036
5987,5987,8097,9428
5988,5988,5436,7734
5989,5989,9215,128
5990,5990,3492,3144
5991,5991,7409,4164
5992,5992,5323,8589
5993,5993,9894,830
5994,5994,7295,6114
5995,5995,7754,308
5996,5996,3603,8453
5997,5997,6985,286
5998,5998,8701,444
5999,5999,3341,2476
6000,6000,1184,1314
6001,6001,9227,3472
6002,6002,2765,2705
6003,6003,53,9036
6004,6004,2778,1908
6005,6005,7135,2294
6006,6006,3773,7638
6007,6007,7925,2758
6008,6008,8364,894
6009,6009,5301,6829
6010,6010,8209,9952
6011,6011,870,7922
6012,6012,3060,3947
6013,6013,429,2143
6014,6014,1709,4861
6015,6015,8470,3987
6016,6016,9710,9078
6017,6017,3753,8221
6018,6018,8592,5062
6019,6019,5383,6762
6020,6020,6373,2388
6021,6021,2759,9979
6022,6022,4105,7129
6023,6023,3375,9289
6024,6024,5499,622
6025,6025,7849,6518
6026,6026,3529,5213
6027,6027,7727,8396
6028,6028,7495,9408
6029,6029,2353,266
6030,6030,1946,2223
6031,6031,6888,3684
6032,6032,1938,2585
6033,6033,500,434
6034,6034,5095,6519
6035,6035,7655,1261
6036,6036,9683,6160
6037,6037,9108,866
6038,6038,9333,5468
6039,6039,4327,3316
6040,6040,9887,4780
6041,6041,5307,820
6042,6042,4541,9543
6043,6043,8988,1656
6044,6044,7959,1416
6045,6045,820,8123
6046,6046,2744,4800
6047,6047,9571,8955
6048,6048,9406,4190
6049,6049,5964,814
6050,6050,2231,6177
6051,6051,5979,6541
6052,6052,1540,1213
6053,6053,8211,5664
6054,6054,616,7740
6055,6055,9401,1080
6056,6056,6354,5031
6057,6057,2227,5733
6058,6058,7333,7499
6059,6059,4734,6958
6060,6060,9344,1325
6061,6061,843,8531
6062,6062,4200,3180
6063,6063,1761,1133
6064,6064,6028,2682
6065,6065,2439,8419
6066,6066,8427,9745
6067,6067,2949,9243
6068,6068,140,1446
6069,6069,2253,8266
6070,6070,2219,8579
6071,6071,4850,6932
6072,6072,1604,3453
6073,6073,9597,4701
6074,6074,9003,3678
6075,6075,7868,7357
6076,6076,349,2877
6077,6077,2813,8990
6078,6078,8172,3274
6079,6079,8781,5786
6080,6080,1236,3628
6081,6081,2701,472
6082,6082,1794,5990
6083,6083,4711,5436
6084,6084,9078,971
6085,6085,3022,2535
6086,6086,2372,3483
6087,6087,9506,9313
6088,6088,8111,4293
6089,6089,2029,6419
6090,6090,4502,8918
6091,6091,263,7513
6092,6092,478,1441
6093,6093,4906,6997
6094,6094,7813,8732
6095,6095,5589,5884
6096,6096,7657,6597
6097,6097,2651,3510
6098,6098,3968,5178
6099,6099,7102,1665
6100,6100,5753,3975
6101,6101,1050,2683
6102,6102,3833,2579
6103,6103,6929,8394
6104,6104,8751,7333
6105,6105,5923,2741
6106,6106,908,7833
6107,6107,9475,6496
6108,6108,1992,2898
6109,6109,2414,4858
6110,6110,3466,624
6111,6111,2249,7348
6112,6112,4632,5228
6113,6113,3761,6552
6114,6114,811,5609
6115,6115,6308,8937
6116,6116,8188,6205
6117,6117,4774,7225
6118,6118,8031,80
6119,6119,3989,2500
6120,6120,6543,6336
6121,6121,5504,4764
6122,6122,5451,3622
6123,6123,3412,1488
6124,6124,5703,5413
6125,6125,2922,2034
6126,6126,5162,2915
6127,6127,3110,2220
6128,6128,5931,1595
6129,6129,6935,3642
6130,6130,2178,1093
6131,6131,1444,6366
6132,6132,9870,2392
6133,6133,962,9213
6134,6134,3218,7825
6135,6135,3116,1797
6136,6136,7137,4769
6137,6137,6315,6751
6138,6138,1690,5655
6139,6139,8153,443
6140,6140,2702,5982
6141,6141,4931,718
6142,6142,3470,2230
6143,6143,8301,4234
6144,6144,948,3990
6145,6145,4600,2551
6146,6146,5170,607
6147,6147,307,7842
6148,6148,6918,5592
6149,6149,6012,5313
6150,6150,6511,7968
6151,6151,3500,6931
6152,6152,1270,3786
6153,6153,5898,5200
6154,6154,5280,23
6155,6155,5653,9811
6156,6156,9984,7510
6157,6157,249,9720
6158,6158,4707,981
6159,6159,1605,2779
6160,6160,7945,9831
6161,6161,1545,4358
6162,6162,8749,5432
6163,6163,5348,3015
6164,6164,2008,5568
6165,6165,5849,8171
6166,6166,4656,4140
6167,6167,1159,7328
6168,6168,3064,1954
6169,6169,7007,7545
6170,6170,9257,8357
6171,6171,4618,1796
6172,6172,2322,5714
6173,6173,8716,7512
6174,6174,7665,4718
6175,6175,2611,3606
6176,6176,6020,3824
6177,6177,2478,4541
6178,6178,7011,2292
6179,6179,1381,1007
6180,6180,3835,7241
6181,6181,6154,840
6182,6182,1014,6269
6183,6183,3925,8880
6184,6184,1088,6363
6185,6185,3706,4956
6186,6186,788,5207
6187,6187,106,6890
6188,6188,9930,6559
6189,6189,4955,8405
6190,6190,4072,3957
6191,6191,1766,9763
6192,6192,5648,8805
6193,6193,2822,2032
6194,6194,7055,1773
6195,6195,5286,1836
6196,6196,5875,9238
6197,6197,99,7099
6198,6198,5650,2472
6199,6199,6196,6773
6200,6200,8189,5528
6201,6201,4085,8922
6202,6202,6887,7947
6203,6203,1847,1604
6204,6204,2650,3166
6205,6205,3622,662
6206,6206,6485,5113
6207,6207,160,9422
6208,6208,785,6595
6209,6209,916,5221
6210,6210,489,7262
6211,6211,503,6421
6212,6212,9739,4256
6213,6213,5570,8409
6214,6214,1195,6631
6215,6215,3096,7013
6216,6216,7118,7124
6217,6217,3139,9039
6218,6218,1892,6901
6219,6219,1889,4713
6220,6220,2747,4793
6221,6221,190,1922
6222,6222,3719,5694
6223,6223,3882,7856
6224,6224,4751,4695
6225,6225,8703,1534
6226,6226,1039,8330
6227,6227,2980,8631
6228,6228,6736,141
6229,6229,2341,2987
6230,6230,3128,2131
6231,6231,3769,9648
6232,6232,6144,2323
6233,6233,7827,612
6234,6234,2548,7757
6235,6235,1652,5268
6236,6236,18,7014
6237,6237,1268,8174
6238,6238,2244,1413
6239,6239,9451,6766
6240,6240,9898,5406
6241,6241,2412,2141
6242,6242,5260,7408
6243,6243,8622,9687
6244,6244,343,9137
6245,6245,481,8022
6246,6246,8619,8843
6247,6247,2584,9576
6248,6248,6764,5489
6249,6249,4793,4900
6250,6250,851,2342
6251,6251,4639,5187
6252,6252,531,6367
6253,6253,262,1432
6254,6254,6125,2884
6255,6255,2771,658
6256,6256,1906,7268
6257,6257,5535,9733
6258,6258,9224,8628
6259,6259,187,6268
6260,6260,4290,2206
6261,6261,7971,6575
6262,6262,4839,9075
6263,6263,9592,9867
6264,6264,5911,5936
6265,6265,2326,8676
6266,6266,251,8568
6267,6267,2396,8342
6268,6268,278,1888
6269,6269,8455,9701
6270,6270,5368,5471
6271,6271,4742,2088
6272,6272,8747,4522
6273,6273,2146,1627
6274,6274,4470,4214
6275,6275,3922,8826
6276,6276,8573,3992
6277,6277,6489,9311
6278,6278,201,2525
6279,6279,6499,9807
6280,6280,27,7004
6281,6281,7920,2519
6282,6282,8706,5433
6283,6283,8617,3888
6284,6284,525,8427
6285,6285,5106,2668
6286,6286,9587,923
6287,6287,4832,2532
6288,6288,9664,7310
6289,6289,1805,1135
6290,6290,2472,6600
6291,6291,7968,2772
6292,6292,6122,8048
6293,6293,1799,3409
6294,6294,7942,2980
6295,6295,6730,7679
6296,6296,7632,6892
6297,6297,8217,5696
6298,6298,8722,7942
6299,6299,7988,3175
6300,6300,440,838
6301,6301,4001,627
6302,6302,2706,3861
6303,6303,5109,1727
6304,6304,7179,63
6305,6305,7556,1042
6306,6306,2091,1401
6307,6307,9500,89
6308,6308,8313,3159
6309,6309,4526,3307
6310,6310,6666,6748
6311,6311,2870,7536
6312,6312,9852,7373
6313,6313,7671,1663
6314,6314,4508,2113
6315,6315,7930,2148
6316,6316,945,1289
6317,6317,9775,7347
6318,6318,825,231
6319,6319,8694,1178
6320,6320,9031,9601
6321,6321,599,5333
6322,6322,904,7995
6323,6323,7550,6686
6324,6324,866,4660
6325,6325,1502,4224
6326,6326,3776,4739
6327,6327,3353,456
6328,6328,2626,2863
6329,6329,5782,1689
6330,6330,875,676
6331,6331,287,5691
6332,6332,7112,3391
6333,6333,2679,8988
6334,6334,5191,9189
6335,6335,4519,8122
6336,6336,1147,2222
6337,6337,7240,4062
6338,6338,9025,3373
6339,6339,9691,7338
6340,6340,3364,7875
6341,6341,6559,928
6342,6342,674,2251
6343,6343,6313,8977
6344,6344,834,8519
6345,6345,5360,8294
6346,6346,967,7226
6347,6347,1174,3243
6348,6348,2960,5137
6349,6349,2783,8980
6350,6350,4902,343
6351,6351,432,2185
6352,6352,1586,8548
6353,6353,7781,7152
6354,6354,6634,2329
6355,6355,5009,7986
6356,6356,996,6128
6357,6357,9529,2938
6358,6358,4847,3589
6359,6359,7760,4815
6360,6360,6201,7188
6361,6361,4613,2531
6362,6362,6175,4083
6363,6363,7085,8131
6364,6364,3689,9552
6365,6365,2722,2573
6366,6366,5858,7412
6367,6367,1997,2774
6368,6368,4500,6805
6369,6369,115,1965
6370,6370,850,1760
6371,6371,1252,9737
6372,6372,3866,7103
6373,6373,8807,8830
6374,6374,3871,8735
6375,6375,2599,9965
6376,6376,1878,7993
6377,6377,989,7460
6378,6378,2022,55
6379,6379,6876,2934
6380,6380,1002,5240
6381,6381,1310,9667
6382,6382,2467,8235
6383,6383,9136,4770
6384,6384,1518,7430
6385,6385,4994,6411
6386,6386,6119,2255
6387,6387,2410,1102
6388,6388,7860,1579
6389,6389,1389,702
6390,6390,386,1683
6391,6391,6843,4254
6392,6392,891,3291
6393,6393,2691,4112
6394,6394,9857,6241
6395,6395,7404,5444
6396,6396,4743,1610
6397,6397,1668,9347
6398,6398,1541,856
6399,6399,9572,2762
6400,6400,3072,7331
6401,6401,801,7146
6402,6402,3890,9097
6403,6403,8965,5742
6404,6404,7631,4052
6405,6405,8077,7318
6406,6406,4423,6657
6407,6407,9970,6112
6408,6408,4151,5626
6409,6409,5272,4357
6410,6410,7350,1722
6411,6411,2764,3439
6412,6412,7914,8421
6413,6413,7798,1230
6414,6414,9942,7063
6415,6415,1417,2733
6416,6416,6219,5526
6417,6417,5396,2869
6418,6418,3136,3951
6419,6419,5768,2529
6420,6420,5884,3576
6421,6421,9916,3092
6422,6422,999,4085
6423,6423,817,5425
6424,6424,4525,7269
6425,6425,5338,1720
6426,6426,5450,2079
6427,6427,1658,2060
6428,6428,732,292
6429,6429,4696,3492
6430,6430,2050,4813
6431,6431,6522,1882
6432,6432,5728,8840
6433,6433,2911,3128
6434,6434,9245,7292
6435,6435,1049,9861
6436,6436,7795,3372
6437,6437,3416,5318
6438,6438,9446,9814
6439,6439,2981,8566
6440,6440,8275,8228
6441,6441,2058,8152
6442,6442,733,8862
6443,6443,391,3075
6444,6444,9730,8354
6445,6445,6121,8941
6446,6446,8511,8360
6447,6447,4041,776
6448,6448,174,4208
6449,6449,2709,9986
6450,6450,1079,1252
6451,6451,4482,3315
6452,6452,9110,1822
6453,6453,6892,39
6454,6454,1917,2994
6455,6455,6907,237
6456,6456,6867,1909
6457,6457,4624,1216
6458,6458,9090,689
6459,6459,7031,5074
6460,6460,5304,4648
6461,6461,8101,4197
6462,6462,1207,5611
6463,6463,942,6536
6464,6464,3507,1959
6465,6465,3141,4361
6466,6466,3106,1626
6467,6467,5694,5215
6468,6468,409,317
6469,6469,5133,6965
6470,6470,8504,3945
6471,6471,9143,4264
6472,6472,1321,1647
6473,6473,745,312
6474,6474,8241,1558
6475,6475,6562,2376
6476,6476,3262,7814
6477,6477,8113,4270
6478,6478,1547,475
6479,6479,1624,2502
6480,6480,2557,9873
6481,6481,7530,5710
6482,6482,6380,5171
6483,6483,2152,1803
6484,6484,782,1835
6485,6485,4532,5287
6486,6486,9116,57
6487,6487,7307,6186
6488,6488,8150,7794
6489,6489,552,9399
6490,6490,8380,793
6491,6491,2035,5795
6492,6492,2879,6212
6493,6493,7300,4716
6494,6494,5644,5894
6495,6495,9383,7137
6496,6496,1410,8899
6497,6497,7328,5019
6498,6498,8512,5218
6499,6499,7416,6694
6500,6500,5813,5198
6501,6501,4370,9990
6502,6502,7286,482
6503,6503,8829,3705
6504,6504,8648,1296
6505,6505,4069,2118
6506,6506,1934,6091
6507,6507,1035,5588
6508,6508,667,5071
6509,6509,6510,5766
6510,6510,4090,9054
6511,6511,2193,2552
6512,6512,6488,182
6513,6513,3069,6101
6514,6514,9498,7358
6515,6515,490,5272
6516,6516,9995,4118
6517,6517,5930,9326
6518,6518,5011,3054
6519,6519,258,7937
6520,6520,1093,4294
6521,6521,1634,8067
6522,6522,1101,3965
6523,6523,361,2084
6524,6524,818,4847
6525,6525,4134,9222
6526,6526,7511,8663
6527,6527,604,4910
6528,6528,5670,3842
6529,6529,7181,6828
6530,6530,675,2665
6531,6531,4445,4913
6532,6532,3967,7377
6533,6533,4362,3574
6534,6534,7380,8825
6535,6535,2516,6950
6536,6536,3698,2441
6537,6537,3046,3516
6538,6538,3717,7732
6539,6539,5986,5301
6540,6540,8088,924
6541,6541,4022,8197
6542,6542,7008,1238
6543,6543,8228,1907
6544,6544,8350,5597
6545,6545,9172,723
6546,6546,2883,5598
6547,6547,270,3197
6548,6548,9061,9616
6549,6549,1655,9676
6550,6550,3000,7759
6551,6551,8657,1617
6552,6552,4204,5439
6553,6553,3919,8263
6554,6554,2330,2196
6555,6555,6762,2357
6556,6556,2663,2401
6557,6557,1931,994
6558,6558,7869,3556
6559,6559,923,8686
6560,6560,4149,759
6561,6561,7633,5846
6562,6562,130,3044
6563,6563,8867,7820
6564,6564,1452,2053
6565,6565,8237,426
6566,6566,5788,2714
6567,6567,6155,6187
6568,6568,823,1802
6569,6569,9566,4939
6570,6570,7708,6274
6571,6571,2775,3043
6572,6572,6439,7618
6573,6573,8998,560
6574,6574,4911,3431
6575,6575,9062,4568
6576,6576,4460,5960
6577,6577,3321,1391
6578,6578,9181,263
6579,6579,6506,5196
6580,6580,1278,9433
6581,6581,7399,1520
6582,6582,7355,9738
6583,6583,4537,544
6584,6584,8851,3689
6585,6585,2349,5654
6586,6586,1608,4852
6587,6587,2220,4094
6588,6588,358,9093
6589,6589,3462,5112
6590,6590,3591,3450
6591,6591,4725,6952
6592,6592,691,4961
6593,6593,2681,3535
6594,6594,6152,2993
6595,6595,9678,5779
6596,6596,2105,2770
6597,6597,8506,5676
6598,6598,207,5225
6599,6599,9720,1340
6600,6600,5291,2628
6601,6601,1348,7832
6602,6602,1089,7860
6603,6603,1045,1830
6604,6604,2641,6230
6605,6605,9369,8083
6606,6606,6809,2972
6607,6607,7101,7145
6608,6608,7721,7896
6609,6609,6098,5844
6610,6610,7246,605
6611,6611,4480,2440
6612,6612,8265,5925
6613,6613,5519,4061
6614,6614,4693,1570
6615,6615,2159,9455
6616,6616,6067,4617
6617,6617,8252,9203
6618,6618,2436,3558
6619,6619,4055,1164
6620,6620,9046,9655
6621,6621,4139,353
6622,6622,9185,3520
6623,6623,3702,6092
6624,6624,222,3102
6625,6625,7613,1611
6626,6626,7131,1531
6627,6627,6756,4462
6628,6628,5421,1642
6629,6629,940,8522
6630,6630,1494,2709
6631,6631,7777,2082
6632,6632,6810,7806
6633,6633,1477,3876
6634,6634,7443,6065
6635,6635,3190,8290
6636,6636,8510,2721
6637,6637,5410,3207
6638,6638,9574,9581
6639,6639,3252,2024
6640,6640,869,8371
6641,6641,9989,8644
6642,6642,5678,8615
6643,6643,7309,8666
6644,6644,7340,2295
6645,6645,5475,6406
6646,6646,8090,9894
6647,6647,6254,6995
6648,6648,2070,6716
6649,6649,362,667
6650,6650,2761,7873
6651,6651,3938,7648
6652,6652,6839,4735
6653,6653,5936,2040
6654,6654,707,7694
6655,6655,8950,7202
6656,6656,7171,3302
6657,6657,6484,2834
6658,6658,4326,1408
6659,6659,389,7465
6660,6660,3859,7556
6661,6661,8230,554
6662,6662,380,9659
6663,6663,4868,5543
6664,6664,5668,3024
6665,6665,907,3116
6666,6666,2852,3543
6667,6667,7691,2613
6668,6668,8856,9082
6669,6669,3464,9279
6670,6670,8702,9752
6671,6671,2005,5612
6672,6672,3573,1443
6673,6673,3915,1516
6674,6674,383,2293
6675,6675,3471,8692
6676,6676,7725,5497
6677,6677,816,4239
6678,6678,1368,5644
6679,6679,7106,6476
6680,6680,1220,779
6681,6681,118,3202
6682,6682,2435,9309
6683,6683,2064,4747
6684,6684,4058,3673
6685,6685,6371,1678
6686,6686,4894,1632
6687,6687,7940,3854
6688,6688,8629,5202
6689,6689,293,3443
6690,6690,7214,4416
6691,6691,2830,9465
6692,6692,4959,2362
6693,6693,6479,9598
6694,6694,7458,8567
6695,6695,1315,5307
6696,6696,4507,2409
6697,6697,6629,9019
6698,6698,4071,4646
6699,6699,246,563
6700,6700,8517,4466
6701,6701,8709,9742
6702,6702,9022,8807
6703,6703,2545,3775
6704,6704,4515,9553
6705,6705,6393,8781
6706,6706,7847,7184
6707,6707,3655,2065
6708,6708,2078,2498
6709,6709,368,4965
6710,6710,85,6416
6711,6711,9586,358
6712,6712,5257,3878
6713,6713,6016,8397
6714,6714,2933,6202
6715,6715,2489,8552
6716,6716,9681,5138
6717,6717,1317,5082
6718,6718,8796,8813
6719,6719,7294,4867
6720,6720,9524,8699
6721,6721,3834,4688
6722,6722,7078,3671
6723,6723,4636,7522
6724,6724,7024,6259
6725,6725,6356,9115
6726,6726,6106,6769
6727,6727,8880,2395
6728,6728,1727,7941
6729,6729,4891,4682
6730,6730,7737,6013
6731,6731,255,2045
6732,6732,2285,8527
6733,6733,5517,1472
6734,6734,4195,5516
6735,6735,4646,8400
6736,6736,8731,6508
6737,6737,6464,7257
6738,6738,4649,9718
6739,6739,4473,5809
6740,6740,9830,1358
6741,6741,3516,2955
6742,6742,7763,8903
6743,6743,7276,7163
6744,6744,6256,7908
6745,6745,3960,9707
6746,6746,6767,1020
6747,6747,9184,384
6748,6748,3094,9195
6749,6749,594,9937
6750,6750,6816,7154
6751,6751,5004,4186
6752,6752,6754,6000
6753,6753,3212,8837
6754,6754,8561,9164
6755,6755,7606,9314
6756,6756,3659,4650
6757,6757,3428,1798
6758,6758,7339,1748
6759,6759,3786,5326
6760,6760,4890,3281
6761,6761,3627,1900
6762,6762,8661,7381
6763,6763,3191,9593
6764,6764,8232,2235
6765,6765,9488,4693
6766,6766,6704,6474
6767,6767,5379,9985
6768,6768,7706,621
6769,6769,1142,1121
6770,6770,697,6006
6771,6771,424,2105
6772,6772,330,3716
6773,6773,8936,4755
6774,6774,8893,1917
6775,6775,1054,876
6776,6776,9141,7326
6777,6777,8767,8079
6778,6778,9269,8217
6779,6779,9442,3766
6780,6780,912,1251
6781,6781,2666,8500
6782,6782,3514,2901
6783,6783,5567,5427
6784,6784,5946,1526
6785,6785,2643,4431
6786,6786,5152,9871
6787,6787,2865,1166
6788,6788,7873,3150
6789,6789,1302,6887
6790,6790,5613,3623
6791,6791,4067,861
6792,6792,6257,185
6793,6793,1532,7009
6794,6794,6548,5255
6795,6795,8879,4512
6796,6796,8927,7684
6797,6797,3932,8205
6798,6798,8392,3871
6799,6799,3438,4912
6800,6800,7160,2224
6801,6801,6903,5151
6802,6802,689,5065
6803,6803,6048,1395
6804,6804,5288,539
6805,6805,9746,9573
6806,6806,1642,2680
6807,6807,5425,1034
6808,6808,5689,64
6809,6809,8466,768
6810,6810,2354,3612
6811,6811,8932,5859
6812,6812,5795,6809
6813,6813,9918,6427
6814,6814,7013,4209
6815,6815,175,4152
6816,6816,3942,2152
6817,6817,4128,5469
6818,6818,5464,1152
6819,6819,3400,7490
6820,6820,845,4573
6821,6821,1478,528
6822,6822,1776,2605
6823,6823,3051,4459
6824,6824,917,4919
6825,6825,4719,8915
6826,6826,2538,963
6827,6827,7438,5704
6828,6828,6092,2035
6829,6829,9550,7379
6830,6830,61,233
6831,6831,2544,9719
6832,6832,7683,9650
6833,6833,8412,6218
6834,6834,9165,9767
6835,6835,4387,4514
6836,6836,3902,8550
6837,6837,8636,8016
6838,6838,1729,5707
6839,6839,1924,2389
6840,6840,8072,8683
6841,6841,6708,7900
6842,6842,9053,4187
6843,6843,6794,5565
6844,6844,987,2460
6845,6845,754,5548
6846,6846,4577,2272
6847,6847,776,9787
6848,6848,3231,7375
6849,6849,8940,3565
6850,6850,2500,4496
6851,6851,8158,8410
6852,6852,6686,5540
6853,6853,112,9323
6854,6854,6898,8277
6855,6855,7826,9235
6856,6856,7543,1196
6857,6857,9714,6289
6858,6858,5480,6738
6859,6859,9231,2499
6860,6860,9343,8886
6861,6861,6206,9240
6862,6862,5466,5549
6863,6863,6250,2378
6864,6864,2319,2166
6865,6865,3756,8536
6866,6866,1538,648
6867,6867,5184,123
6868,6868,1784,2256
6869,6869,8289,230
6870,6870,5452,7045
6871,6871,3900,9379
6872,6872,4034,9715
6873,6873,2311,2765
6874,6874,2697,571
6875,6875,828,6407
6876,6876,2276,2664
6877,6877,3760,9031
6878,6878,8765,4616
6879,6879,2184,1576
6880,6880,2737,4758
6881,6881,9392,8087
6882,6882,2027,6635
6883,6883,4489,739
6884,6884,5509,7807
6885,6885,3570,8636
6886,6886,1479,5746
6887,6887,354,9936
6888,6888,7482,1468
6889,6889,5757,2092
6890,6890,9237,8929
6891,6891,4726,5678
6892,6892,9260,6528
6893,6893,2571,5271
6894,6894,8070,8576
6895,6895,9395,4529
6896,6896,8834,6659
6897,6897,2368,1215
6898,6898,9753,1696
6899,6899,511,5941
6900,6900,9740,7881
6901,6901,9896,5681
6902,6902,5797,8211
6903,6903,3721,5590
6904,6904,6030,2423
6905,6905,8195,541
6906,6906,974,7518
6907,6907,8757,1118
6908,6908,5453,6074
6909,6909,4758,1383
6910,6910,4130,349
6911,6911,3531,6941
6912,6912,4089,2459
6913,6913,1971,6777
6914,6914,4188,618
6915,6915,7180,9477
6916,6916,4871,5378
6917,6917,9932,5754
6918,6918,2196,2170
6919,6919,2493,2638
6920,6920,3152,3901
6921,6921,7842,5158
6922,6922,3099,8318
6923,6923,4879,1231
6924,6924,7248,3143
6925,6925,976,5036
6926,6926,385,4875
6927,6927,8064,8384
6928,6928,234,6633
6929,6929,4086,4641
6930,6930,2807,155
6931,6931,3672,5656
6932,6932,704,8788
6933,6933,1833,8965
6934,6934,783,652
6935,6935,4938,6472
6936,6936,304,8182
6937,6937,3896,8261
6938,6938,3660,673
6939,6939,239,6939
6940,6940,9353,2989
6941,6941,7949,4108
6942,6942,4814,8651
6943,6943,7617,1618
6944,6944,6707,8792
6945,6945,1796,1930
6946,6946,4254,9081
6947,6947,1592,828
6948,6948,6314,4745
6949,6949,4720,7244
6950,6950,9779,9675
6951,6951,8686,9621
6952,6952,2845,2514
6953,6953,8475,8370
6954,6954,7668,9696
6955,6955,4299,9491
6956,6956,719,6284
6957,6957,9083,7663
6958,6958,5545,6921
6959,6959,4604,8620
6960,6960,2978,4193
6961,6961,9422,3080
6962,6962,3333,8749
6963,6963,8673,2417
6964,6964,8208,5992
6965,6965,9426,4916
6966,6966,8478,7166
6967,6967,6500,7173
6968,6968,6068,9868
6969,6969,3662,2586
6970,6970,8448,8226
6971,6971,9432,1732
6972,6972,2772,7904
6973,6973,5293,6503
6974,6974,3244,6491
6975,6975,7699,6164
6976,6976,1230,1644
6977,6977,7862,8052
6978,6978,6989,7988
6979,6979,2749,7161
6980,6980,1377,8401
6981,6981,1115,3490
6982,6982,5568,3365
6983,6983,5617,4850
6984,6984,2257,3672
6985,6985,729,9409
6986,6986,3320,5107
6987,6987,1282,1826
6988,6988,4012,995
6989,6989,839,8074
6990,6990,5669,8883
6991,6991,7129,4964
6992,6992,8843,1405
6993,6993,7557,2104
6994,6994,978,8173
6995,6995,1685,1625
6996,6996,2185,7876
6997,6997,7074,5051
6998,6998,8235,2203
6999,6999,4517,3120
7000,7000,7233,66
7001,7001,3450,9451
7002,7002,1855,5292
7003,7003,2415,2895
7004,7004,7479,8494
7005,7005,1301,4129
7006,7006,2680,8613
7007,7007,2275,1148
7008,7008,6719,6948
7009,7009,2242,1410
7010,7010,3449,8614
7011,7011,8207,5954
7012,7012,8986,2339
7013,7013,3826,1192
7014,7014,3656,6017
7015,7015,8357,9007
7016,7016,3146,5373
7017,7017,4405,3669
7018,7018,8712,9828
7019,7019,4662,4292
7020,7020,8983,8764
7021,7021,4101,7385
7022,7022,217,6324
7023,7023,1574,4437
7024,7024,3856,7664
7025,7025,6047,9963
7026,7026,5958,9212
7027,7027,292,2438
7028,7028,8206,1658
7029,7029,9653,1225
7030,7030,5661,9488
7031,7031,8784,368
7032,7032,3875,1502
7033,7033,2808,1675
7034,7034,6531,8172
7035,7035,1512,7701
7036,7036,5821,7090
7037,7037,8278,2346
7038,7038,4567,4417
7039,7039,6607,9440
7040,7040,4761,9146
7041,7041,1953,9134
7042,7042,8653,3209
7043,7043,1190,1348
7044,7044,934,8366
7045,7045,3325,1035
7046,7046,3877,2406
7047,7047,8047,5350
7048,7048,6135,9596
7049,7049,7200,7304
7050,7050,1783,7999
7051,7051,4542,3874
7052,7052,5289,8777
7053,7053,6589,6253
7054,7054,5590,6370
7055,7055,930,4274
7056,7056,6189,3927
7057,7057,8668,6975
7058,7058,7646,6282
7059,7059,428,8956
7060,7060,3334,1001
7061,7061,6241,2526
7062,7062,4274,5803
7063,7063,9494,2018
7064,7064,2587,3059
7065,7065,58,6630
7066,7066,4182,8923
7067,7067,3384,5554
7068,7068,7052,7428
7069,7069,1172,5242
7070,7070,2984,6140
7071,7071,7303,1787
7072,7072,8870,407
7073,7073,5362,2246
7074,7074,9146,3942
7075,7075,7346,767
7076,7076,3630,4973
7077,7077,4552,3205
7078,7078,5656,2041
7079,7079,1561,4158
7080,7080,5179,620
7081,7081,747,6577
7082,7082,3332,8950
7083,7083,5826,7177
7084,7084,1587,432
7085,7085,6072,2316
7086,7086,6212,550
7087,7087,371,7815
7088,7088,3800,4633
7089,7089,710,8420
7090,7090,8251,3905
7091,7091,4887,30
7092,7092,1358,5070
7093,7093,6999,4569
7094,7094,4986,2473
7095,7095,8221,8616
7096,7096,1558,9363
7097,7097,7337,9171
7098,7098,9547,2481
7099,7099,2954,1753
7100,7100,5976,8386
7101,7101,6593,6134
7102,7102,7345,6739
7103,7103,4625,7501
7104,7104,4924,6256
7105,7105,8058,4393
7106,7106,7529,18
7107,7107,5417,855
7108,7108,2524,9899
7109,7109,2202,9954
7110,7110,7984,8328
7111,7111,7705,8778
7112,7112,2158,8060
7113,7113,7298,9197
7114,7114,8262,5731
7115,7115,6841,6127
7116,7116,4582,2233
7117,7117,2550,4145
7118,7118,2699,6477
7119,7119,9521,695
7120,7120,8179,4494
7121,7121,3028,3276
7122,7122,8524,651
7123,7123,6635,4743
7124,7124,1170,8866
7125,7125,1041,7665
7126,7126,7395,221
7127,7127,936,325
7128,7128,3479,4886
7129,7129,5682,5355
7130,7130,9016,9173
7131,7131,6414,7905
7132,7132,5880,7060
7133,7133,4851,1547
7134,7134,6637,8077
7135,7135,6922,1003
7136,7136,8134,1264
7137,7137,6495,1889
7138,7138,9867,8183
7139,7139,1711,4489
7140,7140,2191,4194
7141,7141,8286,5249
7142,7142,4117,7085
7143,7143,1932,6968
7144,7144,1801,9390
7145,7145,1402,6195
7146,7146,4277,1257
7147,7147,4820,8890
7148,7148,4255,2219
7149,7149,272,76
7150,7150,6590,721
7151,7151,8916,3522
7152,7152,8175,2132
7153,7153,2809,9495
7154,7154,5879,3221
7155,7155,3276,7369
7156,7156,1222,5864
7157,7157,1392,5035
7158,7158,7647,5910
7159,7159,394,1615
7160,7160,1891,8542
7161,7161,4280,6935
7162,7162,9450,3214
7163,7163,4272,7879
7164,7164,2190,7258
7165,7165,6942,1904
7166,7166,1683,4095
7167,7167,1388,7963
7168,7168,7980,1092
7169,7169,8082,5426
7170,7170,6274,5459
7171,7171,3682,138
7172,7172,2688,6691
7173,7173,2988,1144
7174,7174,7113,6993
7175,7175,7391,7193
7176,7176,7962,3840
7177,7177,6747,6741
7178,7178,2556,8800
7179,7179,9796,4950
7180,7180,7335,1950
7181,7181,296,8560
7182,7182,5143,2995
7183,7183,6919,7859
7184,7184,144,5386
7185,7185,417,7549
7186,7186,8659,7946
7187,7187,4185,9265
7188,7188,8604,3561
7189,7189,6701,1167
7190,7190,764,2238
7191,7191,2832,4975
7192,7192,7806,2952
7193,7193,161,5832
7194,7194,3518,3701
7195,7195,2496,954
7196,7196,8516,7159
7197,7197,7573,8082
7198,7198,8059,4212
7199,7199,8551,5222
7200,7200,6348,8416
7201,7201,6894,4647
7202,7202,4416,2033
7203,7203,1197,6556
7204,7204,2956,8417
7205,7205,9009,5757
7206,7206,397,281
7207,7207,7603,269
7208,7208,6631,4880
7209,7209,3869,3859
7210,7210,1451,4985
7211,7211,485,3331
7212,7212,5014,8055
7213,7213,8451,8012
7214,7214,9616,2181
7215,7215,1927,572
7216,7216,4433,152
7217,7217,2779,5771
7218,7218,9486,8403
7219,7219,8076,4680
7220,7220,3224,6857
7221,7221,1473,9118
7222,7222,3176,5401
7223,7223,5846,3615
7224,7224,6458,6018
7225,7225,5581,8642
7226,7226,5555,6753
7227,7227,6733,5702
7228,7228,640,7529
7229,7229,568,7016
7230,7230,3021,1701
7231,7231,3239,1596
7232,7232,1169,2992
7233,7233,7735,3609
7234,7234,2441,3183
7235,7235,5811,5799
7236,7236,5903,4526
7237,7237,6605,9753
7238,7238,194,7445
7239,7239,1226,1049
7240,7240,5677,8063
7241,7241,2977,4167
7242,7242,1116,7919
7243,7243,9652,5874
7244,7244,3861,3725
7245,7245,5328,5492
7246,7246,6965,3524
7247,7247,1387,9251
7248,7248,3233,6863
7249,7249,7765,1684
7250,7250,4397,6749
7251,7251,9879,3334
7252,7252,6410,8938
7253,7253,6401,9973
7254,7254,600,6820
7255,7255,2393,7736
7256,7256,6173,6718
7257,7257,7143,987
7258,7258,2313,6133
7259,7259,7953,5263
7260,7260,6532,7084
7261,7261,2735,7857
7262,7262,8025,1981
7263,7263,5699,9516
7264,7264,2375,9706
7265,7265,5221,2236
7266,7266,829,6808
7267,7267,8351,6099
7268,7268,8625,3805
7269,7269,6253,1568
7270,7270,4192,9104
7271,7271,6477,6364
7272,7272,7700,9299
7273,7273,763,4775
7274,7274,4722,7153
7275,7275,9074,2826
7276,7276,1612,3042
7277,7277,1734,4101
7278,7278,6796,7178
7279,7279,2456,4625
7280,7280,9297,2217
7281,7281,6799,8156
7282,7282,1682,1173
7283,7283,6778,1661
7284,7284,7262,9951
7285,7285,2532,3746
7286,7286,1309,1295
7287,7287,4259,7765
7288,7288,8413,2189
7289,7289,2283,5275
7290,7290,8786,45
7291,7291,6383,2052
7292,7292,4680,2175
7293,7293,324,4565
7294,7294,6751,548
7295,7295,1825,7644
7296,7296,2422,2001
7297,7297,111,8391
7298,7298,6505,6081
7299,7299,7082,2905
7300,7300,7164,8026
7301,7301,2063,6692
7302,7302,9756,1463
7303,7303,7950,8319
7304,7304,9274,6668
7305,7305,1422,8039
7306,7306,1854,514
7307,7307,941,2548
7308,7308,3921,5485
7309,7309,9273,1594
7310,7310,7289,7429
7311,7311,4509,4809
7312,7312,6286,3370
7313,7313,8896,6067
7314,7314,3033,8096
7315,7315,7547,1816
7316,7316,6192,1832
7317,7317,1354,6117
7318,7318,746,3661
7319,7319,1835,4645
7320,7320,1132,6942
7321,7321,1600,7297
7322,7322,3829,3587
7323,7323,2513,8639
7324,7324,619,7616
7325,7325,3956,9523
7326,7326,2507,7433
7327,7327,5708,6185
7328,7328,6441,3438
7329,7329,9403,1539
7330,7330,6325,3008
7331,7331,8426,9361
7332,7332,3314,90
7333,7333,8603,8365
7334,7334,8690,6884
7335,7335,3711,1011
7336,7336,4213,3807
7337,7337,5200,1896
7338,7338,4087,5562
7339,7339,1705,2843
7340,7340,4710,1205
7341,7341,9655,4863
7342,7342,971,3267
7343,7343,977,1465
7344,7344,7042,2160
7345,7345,2617,5819
7346,7346,1733,1414
7347,7347,2252,7516
7348,7348,5988,6439
7349,7349,1015,2115
7350,7350,6288,4925
7351,7351,2575,1039
7352,7352,9125,2379
7353,7353,8544,3534
7354,7354,3948,7647
7355,7355,9738,7464
7356,7356,3653,7218
7357,7357,1151,3937
7358,7358,8186,9603
7359,7359,4348,202
7360,7360,6024,5325
7361,7361,6059,5315
7362,7362,1751,9084
7363,7363,9520,6255
7364,7364,9014,3514
7365,7365,4718,4814
7366,7366,7880,5392
7367,7367,4771,3045
7368,7368,3155,1105
7369,7369,7063,7571
7370,7370,910,5734
7371,7371,240,7056
7372,7372,715,3357
7373,7373,4807,1087
7374,7374,3891,3573
7375,7375,2888,1891
7376,7376,8055,756
7377,7377,5684,377
7378,7378,9964,5167
7379,7379,6542,1197
7380,7380,4150,9933
7381,7381,7969,7731
7382,7382,4027,5164
7383,7383,6677,5045
7384,7384,3893,1964
7385,7385,347,6513
7386,7386,4350,8124
7387,7387,2562,8690
7388,7388,256,7911
7389,7389,2791,5594
7390,7390,3738,483
7391,7391,2676,8769
7392,7392,6282,6165
7393,7393,1675,9057
7394,7394,447,2184
7395,7395,5055,2671
7396,7396,7648,2007
7397,7397,6827,3853
7398,7398,1399,2075
7399,7399,8273,9955
7400,7400,705,7111
7401,7401,4643,2859
7402,7402,585,5866
7403,7403,107,1084
7404,7404,1137,9743
7405,7405,1637,4560
7406,7406,6723,142
7407,7407,8464,3798
7408,7408,2281,4752
7409,7409,9888,3348
7410,7410,9223,5194
7411,7411,1632,4723
7412,7412,8161,9374
7413,7413,7638,6788
7414,7414,2133,2171
7415,7415,8634,696
7416,7416,4006,5831
7417,7417,7564,8637
7418,7418,3730,3525
7419,7419,4248,7511
7420,7420,7202,3518
7421,7421,9302,9860
7422,7422,9537,8704
7423,7423,2140,4069
7424,7424,1534,6171
7425,7425,7312,5807
7426,7426,3209,1206
7427,7427,570,8486
7428,7428,1539,9342
7429,7429,7459,7077
7430,7430,4114,9029
7431,7431,4046,6666
7432,7432,5927,3727
7433,7433,8054,8737
7434,7434,7611,3142
7435,7435,482,3433
7436,7436,4000,4993
7437,7437,3366,1415
7438,7438,5245,4653
7439,7439,8816,2153
7440,7440,6054,6608
7441,7441,5774,8065
7442,7442,9010,7053
7443,7443,5741,4694
7444,7444,5444,8457
7445,7445,7282,2471
7446,7446,9238,8787
7447,7447,6920,5367
7448,7448,8293,3394
7449,7449,4335,8517
7450,7450,7712,1829
7451,7451,2388,9677
7452,7452,8973,5994
7453,7453,2944,4075
7454,7454,3048,4550
7455,7455,6128,7079
7456,7456,7667,3292
7457,7457,9731,6745
7458,7458,3369,6096
7459,7459,2776,2174
7460,7460,4016,100
7461,7461,2592,1924
7462,7462,2826,3132
7463,7463,5305,7924
7464,7464,7384,2130
7465,7465,7117,9338
7466,7466,4431,3637
7467,7467,3755,9507
7468,7468,9666,1320
7469,7469,4013,1451
7470,7470,9425,7747
7471,7471,5461,6614
7472,7472,6334,8086
7473,7473,3298,6563
7474,7474,9443,4222
7475,7475,8691,5484
7476,7476,7726,9813
7477,7477,2077,4178
7478,7478,4191,2625
7479,7479,8777,1119
7480,7480,4203,1407
7481,7481,8621,451
7482,7482,7748,1507
7483,7483,3983,5060
7484,7484,6805,961
7485,7485,520,4516
7486,7486,9120,8151
7487,7487,3637,4198
7488,7488,5543,9819
7489,7489,9911,8935
7490,7490,8812,1670
7491,7491,9135,2278
7492,7492,3816,7397
7493,7493,5122,4016
7494,7494,7296,5756
7495,7495,3008,7122
7496,7496,5526,3627
7497,7497,7903,5762
7498,7498,8162,5969
7499,7499,181,3
7500,7500,4530,6228
7501,7501,6732,8113
7502,7502,2720,4032
7503,7503,8012,7586
7504,7504,1051,7012
7505,7505,2760,9452
7506,7506,4488,6833
7507,7507,7809,5006
7508,7508,8246,4377
7509,7509,4096,7020
7510,7510,8667,329
7511,7511,104,8594
7512,7512,7343,9833
7513,7513,1201,3371
7514,7514,7099,5608
7515,7515,1396,5792
7516,7516,7835,4074
7517,7517,2425,3648
7518,7518,3273,691
7519,7519,3177,5130
7520,7520,5712,7553
7521,7521,2288,2799
7522,7522,5651,6504
7523,7523,8247,9857
7524,7524,8754,8779
7525,7525,7956,5849
7526,7526,4353,7582
7527,7527,3590,7414
7528,7528,3131,7678
7529,7529,8200,2555
7530,7530,6251,5139
7531,7531,3657,1168
7532,7532,5975,5889
7533,7533,495,245
7534,7534,4187,3780
7535,7535,906,9131
7536,7536,6223,7190
7537,7537,3302,6320
7538,7538,5981,6190
7539,7539,2259,228
7540,7540,2959,6625
7541,7541,6727,9910
7542,7542,7009,6197
7543,7543,8305,8758
7544,7544,4778,2247
7545,7545,6720,574
7546,7546,1543,5299
7547,7547,2215,8659
7548,7548,8577,9466
7549,7549,8203,5161
7550,7550,3467,3257
7551,7551,2572,5937
7552,7552,5198,9773
7553,7553,5034,5934
7554,7554,3490,2581
7555,7555,6818,6602
7556,7556,7472,2574
7557,7557,375,3200
7558,7558,2071,3160
7559,7559,7560,9167
7560,7560,8497,5123
7561,7561,1888,1499
7562,7562,6776,5076
7563,7563,7433,4667
7564,7564,553,9066
7565,7565,6768,4570
7566,7566,3530,7078
7567,7567,8181,8219
7568,7568,9411,9776
7569,7569,2225,7205
7570,7570,5702,6178
7571,7571,7037,9824
7572,7572,6517,4634
7573,7573,6071,5073
7574,7574,2525,5699
7575,7575,90,7119
7576,7576,4404,2482
7577,7577,8447,3078
7578,7578,4645,8341
7579,7579,5349,7253
7580,7580,7853,4556
7581,7581,5271,2999
7582,7582,4253,4838
7583,7583,4549,7447
7584,7584,6409,6322
7585,7585,7278,7309
7586,7586,9434,4498
7587,7587,1593,9074
7588,7588,3161,4351
7589,7589,3633,7266
7590,7590,8564,8718
7591,7591,3770,6616
7592,7592,8714,4454
7593,7593,4029,4821
7594,7594,9827,6775
7595,7595,5679,9301
7596,7596,1816,9608
7597,7597,9310,9885
7598,7598,7559,3479
7599,7599,668,1551
7600,7600,7463,3168
7601,7601,9835,2874
7602,7602,3819,4371
7603,7603,610,3733
7604,7604,2016,1682
7605,7605,1712,2429
7606,7606,5378,5162
7607,7607,2515,3509
7608,7608,5296,7892
7609,7609,988,8497
7610,7610,9458,1096
7611,7611,4429,3462
7612,7612,5090,5615
7613,7613,5285,5253
7614,7614,3160,2782
7615,7615,5312,234
7616,7616,3394,4554
7617,7617,9193,7470
7618,7618,2348,783
7619,7619,5740,7768
7620,7620,4797,419
7621,7621,3360,7654
7622,7622,9978,5813
7623,7623,2962,4182
7624,7624,6487,1518
7625,7625,4053,7396
7626,7626,9283,6302
7627,7627,7915,9628
7628,7628,666,8322
7629,7629,3268,1862
7630,7630,2819,2215
7631,7631,5283,8512
7632,7632,237,2578
7633,7633,2143,9352
7634,7634,1756,1590
7635,7635,5776,5296
7636,7636,3453,973
7637,7637,6584,4783
7638,7638,4266,8353
7639,7639,621,1497
7640,7640,3563,1845
7641,7641,9176,546
7642,7642,2647,3208
7643,7643,2230,8283
7644,7644,4368,4828
7645,7645,1484,188
7646,7646,2686,4595
7647,7647,8198,663
7648,7648,1128,4786
7649,7649,6337,944
7650,7650,8474,5346
7651,7651,7876,4305
7652,7652,3582,5958
7653,7653,7490,5550
7654,7654,2898,9002
7655,7655,6964,7813
7656,7656,4275,4042
7657,7657,2993,5973
7658,7658,3025,6157
7659,7659,3100,4166
7660,7660,6002,611
7661,7661,370,3548
7662,7662,4107,7361
7663,7663,4967,9884
7664,7664,9480,6594
7665,7665,8611,5466
7666,7666,8417,9674
7667,7667,9101,4159
7668,7668,4164,1585
7669,7669,8672,7583
7670,7670,7379,3760
7671,7671,2175,1676
7672,7672,2486,629
7673,7673,3780,823
7674,7674,9202,4333
7675,7675,1156,4025
7676,7676,2363,5188
7677,7677,7322,8592
7678,7678,2674,1674
7679,7679,4297,5046
7680,7680,3420,1022
7681,7681,787,7994
7682,7682,6997,4603
7683,7683,2612,4540
7684,7684,7687,6667
7685,7685,9766,9968
7686,7686,6205,1412
7687,7687,4638,5646
7688,7688,5290,5908
7689,7689,3132,4988
7690,7690,5264,1235
7691,7691,1765,5265
7692,7692,9225,8019
7693,7693,5129,6860
7694,7694,9606,2786
7695,7695,1810,8975
7696,7696,9122,2126
7697,7697,2448,9947
7698,7698,7933,7567
7699,7699,620,1588
7700,7700,7218,105
7701,7701,2044,6897
7702,7702,2712,7727
7703,7703,4946,6376
7704,7704,4798,7821
7705,7705,2321,6044
7706,7706,484,2139
7707,7707,6042,5288
7708,7708,8317,3724
7709,7709,6763,3106
7710,7710,5111,5013
7711,7711,9327,6566
7712,7712,8267,5545
7713,7713,4506,8075
7714,7714,9905,8876
7715,7715,6896,3051
7716,7716,5339,7401
7717,7717,1345,1738
7718,7718,6855,4999
7719,7719,8684,5858
7720,7720,4999,5632
7721,7721,5141,85
7722,7722,6992,3618
7723,7723,319,2627
7724,7724,6110,6039
7725,7725,7019,6248
7726,7726,4682,2180
7727,7727,9452,1940
7728,7728,2876,5881
7729,7729,1407,7087
7730,7730,5476,7471
7731,7731,406,3677
7732,7732,9296,848
7733,7733,6204,7541
7734,7734,1097,3101
7735,7735,9876,4963
7736,7736,9684,6293
7737,7737,5064,7641
7738,7738,2026,3278
7739,7739,5482,5760
7740,7740,6081,5953
7741,7741,2855,6098
7742,7742,3998,1160
7743,7743,9150,1247
7744,7744,2906,8657
7745,7745,835,1495
7746,7746,3002,5519
7747,7747,529,5117
7748,7748,3103,8033
7749,7749,8332,6344
7750,7750,2154,4927
7751,7751,9920,9145
7752,7752,2340,8909
7753,7753,7745,1628
7754,7754,7394,5584
7755,7755,9211,4654
7756,7756,2763,4935
7757,7757,6813,3353
7758,7758,7441,2497
7759,7759,9649,454
7760,7760,7919,9266
7761,7761,939,8343
7762,7762,510,5938
7763,7763,576,5929
7764,7764,126,8691
7765,7765,7528,609
7766,7766,528,9117
7767,7767,3448,1702
7768,7768,8800,276
7769,7769,7614,8103
7770,7770,5754,5053
7771,7771,8019,1837
7772,7772,5266,9554
7773,7773,8091,2229
7774,7774,2716,6772
7775,7775,4989,3326
7776,7776,587,4441
7777,7777,7401,4702
7778,7778,8302,1651
7779,7779,8821,2031
7780,7780,3803,7136
7781,7781,7341,1244
7782,7782,1623,3856
7783,7783,6824,7305
7784,7784,5830,6703
7785,7785,4540,5784
7786,7786,238,8138
7787,7787,9371,1128
7788,7788,6270,5124
7789,7789,2112,637
7790,7790,348,5279
7791,7791,3510,717
7792,7792,3054,1584
7793,7793,6406,6198
7794,7794,9884,3364
7795,7795,524,7569
7796,7796,1950,7774
7797,7797,6572,9563
7798,7798,1696,1818
7799,7799,913,392
7800,7800,6,8215
7801,7801,958,8376
7802,7802,4450,8608
7803,7803,2328,5259
7804,7804,7413,9503
7805,7805,8735,9792
7806,7806,2649,8982
7807,7807,4271,1079
7808,7808,5834,8757
7809,7809,2198,8042
7810,7810,5172,8100
7811,7811,3754,9841
7812,7812,9869,50
7813,7813,9695,2615
7814,7814,7516,3097
7815,7815,9504,1828
7816,7816,6056,9321
7817,7817,9039,4388
7818,7818,2329,6994
7819,7819,4367,7974
7820,7820,5193,2467
7821,7821,6871,8098
7822,7822,2955,1195
7823,7823,3523,5338
7824,7824,8043,9392
7825,7825,7407,537
7826,7826,8909,966
7827,7827,9132,950
7828,7828,3365,2541
7829,7829,8178,4189
7830,7830,6188,7058
7831,7831,7787,9449
7832,7832,5012,7558
7833,7833,3070,4520
7834,7834,2398,2511
7835,7835,636,6400
7836,7836,8243,6446
7837,7837,9318,3070
7838,7838,8776,1481
7839,7839,2576,1185
7840,7840,2119,7749
7841,7841,8982,4410
7842,7842,7325,6390
7843,7843,8121,4269
7844,7844,5799,6143
7845,7845,283,9166
7846,7846,6527,3656
7847,7847,7044,3862
7848,7848,3521,7594
7849,7849,1232,9872
7850,7850,9266,4465
7851,7851,2430,2855
7852,7852,1778,6877
7853,7853,3311,2478
7854,7854,5713,6015
7855,7855,3993,8793
7856,7856,798,3459
7857,7857,3846,1113
7858,7858,1551,7966
7859,7859,4103,5236
7860,7860,4661,7440
7861,7861,4062,7845
7862,7862,2631,5168
7863,7863,9174,4924
7864,7864,3156,2480
7865,7865,2754,2253
7866,7866,9553,9774
7867,7867,2409,7805
7868,7868,4021,2909
7869,7869,458,8078
7870,7870,1482,5887
7871,7871,5044,7676
7872,7872,1224,7474
7873,7873,3063,4389
7874,7874,5078,6334
7875,7875,6287,6069
7876,7876,6137,2917
7877,7877,5228,7301
7878,7878,1040,6611
7879,7879,5488,3873
7880,7880,7320,5781
7881,7881,225,9972
7882,7882,5446,9649
7883,7883,3042,2341
7884,7884,743,7880
7885,7885,4004,5614
7886,7886,7610,7688
7887,7887,6089,7158
7888,7888,7966,1635
7889,7889,4631,4121
7890,7890,7902,4082
7891,7891,1408,1321
7892,7892,972,7044
7893,7893,6305,1382
7894,7894,7882,7151
7895,7895,1544,1537
7896,7896,4311,2798
7897,7897,8118,2277
7898,7898,734,7469
7899,7899,6842,5488
7900,7900,3813,5127
7901,7901,1362,1982
7902,7902,7193,6843
7903,7903,1287,7596
7904,7904,8679,5303
7905,7905,7741,7626
7906,7906,3413,5309
7907,7907,4178,1776
7908,7908,8775,9116
7909,7909,5779,6605
7910,7910,3539,7589
7911,7911,5974,3271
7912,7912,9517,9636
7913,7913,596,8133
7914,7914,8219,2931
7915,7915,8460,5898
7916,7916,7960,4443
7917,7917,6534,4920
7918,7918,8461,8005
7919,7919,4714,4245
7920,7920,4846,797
7921,7921,7995,8271
7922,7922,8482,5208
7923,7923,516,860
7924,7924,1411,6429
7925,7925,7060,4289
7926,7926,2874,4530
7927,7927,5255,2003
7928,7928,1091,1995
7929,7929,3598,7356
7930,7930,8130,4347
7931,7931,5387,6124
7932,7932,4949,8459
7933,7933,6471,4312
7934,7934,8863,3829
7935,7935,3621,9192
7936,7936,8397,6287
7937,7937,2374,3956
7938,7938,6222,2367
7939,7939,9927,6651
7940,7940,1768,2647
7941,7941,7820,6854
7942,7942,6835,9577
7943,7943,3050,4435
7944,7944,5724,9208
7945,7945,751,9798
7946,7946,2347,5850
7947,7947,693,8814
7948,7948,1296,943
7949,7949,4883,5576
7950,7950,3667,9386
7951,7951,3600,3811
7952,7952,7396,9708
7953,7953,3887,1699
7954,7954,5725,699
7955,7955,3538,9536
7956,7956,925,6359
7957,7957,1701,709
7958,7958,5144,2657
7959,7959,9531,6652
7960,7960,1720,9471
7961,7961,2223,9255
7962,7962,3153,7977
7963,7963,6581,1005
7964,7964,7656,6669
7965,7965,3481,1646
7966,7966,2237,2616
7967,7967,3596,5896
7968,7968,6358,5877
7969,7969,8144,5522
7970,7970,6943,7992
7971,7971,513,6781
7972,7972,1780,4200
7973,7973,9360,7636
7974,7974,7002,3219
7975,7975,8403,4773
7976,7976,1255,7102
7977,7977,6644,460
7978,7978,8244,6242
7979,7979,3107,5716
7980,7980,5750,5003
7981,7981,9819,965
7982,7982,1175,5115
7983,7983,4230,4461
7984,7984,4081,7383
7985,7985,1526,3099
7986,7986,2559,4471
7987,7987,9418,9865
7988,7988,4270,346
7989,7989,5060,9816
7990,7990,1186,7590
7991,7991,5051,2817
7992,7992,7857,4168
7993,7993,3476,5032
7994,7994,6580,6527
7995,7995,7542,3683
7996,7996,9976,4771
7997,7997,716,3186
7998,7998,7719,6910
7999,7999,138,5260
8000,8000,4040,7240
8001,8001,6986,1629
8002,8002,102,3667
8003,8003,8823,7543
8004,8004,1369,6059
8005,8005,1046,1583
8006,8006,6653,4664
8007,8007,4173,2004
8008,8008,6202,6189
8009,8009,1442,5052
8010,8010,241,9380
8011,8011,183,2110
8012,8012,5481,7263
8013,8013,3339,6816
8014,8014,4094,9421
8015,8015,6437,8505
8016,8016,4903,53
8017,8017,9883,9087
8018,8018,4659,6104
8019,8019,9551,1088
8020,8020,212,215
8021,8021,54,4535
8022,8022,920,9020
8023,8023,724,1063
8024,8024,4077,3695
8025,8025,5050,2164
8026,8026,9479,6303
8027,8027,7469,9722
8028,8028,5947,3634
8029,8029,2033,3193
8030,8030,2721,4656
8031,8031,4699,9285
8032,8032,3357,3327
8033,8033,3616,6237
8034,8034,7256,9639
8035,8035,8481,6029
8036,8036,5128,9568
8037,8037,4757,7231
8038,8038,277,3541
8039,8039,1480,8043
8040,8040,6602,2785
8041,8041,1400,9225
8042,8042,3528,4143
8043,8043,4691,2446
8044,8044,2038,4623
8045,8045,8918,3005
8046,8046,7751,7191
8047,8047,8532,9747
8048,8048,364,6660
8049,8049,1433,1786
8050,8050,4292,5547
8051,8051,4605,5569
8052,8052,4092,4041
8053,8053,476,6641
8054,8054,9330,5316
8055,8055,2474,9163
8056,8056,5953,5285
8057,8057,3350,6174
8058,8058,653,7457
8059,8059,8229,1389
8060,8060,3127,2767
8061,8061,7728,7407
8062,8062,4855,7006
8063,8063,4127,2646
8064,8064,9487,2661
8065,8065,8390,4409
8066,8066,3910,4018
8067,8067,33,5453
8068,8068,8074,7847
8069,8069,5553,7306
8070,8070,3186,3577
8071,8071,3447,9389
8072,8072,6770,5131
8073,8073,1044,7172
8074,8074,7521,6035
8075,8075,7001,8979
8076,8076,9467,6790
8077,8077,2000,7921
8078,8078,4418,8007
8079,8079,3417,8158
8080,8080,2567,9414
8081,8081,218,8570
8082,8082,1462,6912
8083,8083,3764,5974
8084,8084,9922,3735
8085,8085,7189,5290
8086,8086,367,8418
8087,8087,6682,7716
8088,8088,9658,7271
8089,8089,2499,1313
8090,8090,4897,4601
8091,8091,8620,1232
8092,8092,3272,1740
8093,8093,2345,1156
8094,8094,2085,7944
8095,8095,2304,453
8096,8096,3287,7415
8097,8097,4917,5328
8098,8098,7553,6742
8099,8099,6199,2807
8100,8100,5110,8783
8101,8101,83,2315
8102,8102,8746,8154
8103,8103,3806,6789
8104,8104,3966,8352
8105,8105,6915,7272
8106,8106,4454,3762
8107,8107,3184,5190
8108,8108,1365,2044
8109,8109,4928,4879
8110,8110,5513,7726
8111,8111,6936,862
8112,8112,6453,5335
8113,8113,7589,500
8114,8114,3814,9825
8115,8115,4168,2059
8116,8116,9431,6803
8117,8117,1870,7345
8118,8118,1802,7628
8119,8119,5701,983
8120,8120,2170,3259
8121,8121,3499,8755
8122,8122,2766,5634
8123,8123,393,682
8124,8124,3383,846
8125,8125,4676,3029
8126,8126,88,8115
8127,8127,3714,9304
8128,8128,7770,6978
8129,8129,2986,8944
8130,8130,3228,3686
8131,8131,9981,8516
8132,8132,2331,6689
8133,8133,173,8303
8134,8134,2789,153
8135,8135,2961,293
8136,8136,8744,3864
8137,8137,421,1190
8138,8138,5933,2973
8139,8139,3205,1693
8140,8140,1864,7952
8141,8141,5023,8111
8142,8142,1834,6849
8143,8143,722,1775
8144,8144,3825,3994
8145,8145,9679,9751
8146,8146,7540,8681
8147,8147,6800,6607
8148,8148,9205,7093
8149,8149,323,1987
8150,8150,3285,8511
8151,8151,3308,287
8152,8152,3642,750
8153,8153,5182,427
8154,8154,5996,1980
8155,8155,2089,9953
8156,8156,2543,7133
8157,8157,4015,9297
8158,8158,7253,1255
8159,8159,8365,2947
8160,8160,9428,1242
8161,8161,7356,865
8162,8162,6624,2554
8163,8163,8914,6161
8164,8164,1283,5855
8165,8165,5777,4604
8166,8166,5202,3579
8167,8167,577,8331
8168,8168,7382,7232
8169,8169,6836,4356
8170,8170,2203,1290
8171,8171,3526,4810
8172,8172,3663,3505
8173,8173,6195,9597
8174,8174,1149,6106
8175,8175,9288,7344
8176,8176,1247,6847
8177,8177,5565,7283
8178,8178,9447,5945
8179,8179,2662,5665
8180,8180,5635,3993
8181,8181,8366,2764
8182,8182,3174,8844
8183,8183,6906,902
8184,8184,2344,9099
8185,8185,1403,1478
8186,8186,7448,3744
8187,8187,2497,8987
8188,8188,2945,3909
8189,8189,97,5231
8190,8190,5842,2582
8191,8191,8725,7680
8192,8192,755,2827
8193,8193,6482,4663
8194,8194,7954,2453
8195,8195,9051,6220
8196,8196,8010,1927
8197,8197,3354,8013
8198,8198,6185,6784
8199,8199,3540,9315
8200,8200,2866,5642
8201,8201,3027,7776
8202,8202,2142,3351
8203,8203,1865,506
8204,8204,2163,295
8205,8205,6143,461
8206,8206,3720,2248
8207,8207,1078,283
8208,8208,6597,9551
8209,8209,3508,2504
8210,8210,9382,1484
8211,8211,288,2860
8212,8212,1900,3473
8213,8213,4733,6889
8214,8214,9313,7488
8215,8215,1913,17
8216,8216,4106,2414
8217,8217,2247,2857
8218,8218,4463,290
8219,8219,1378,6813
8220,8220,9901,9165
8221,8221,6027,6392
8222,8222,30,1951
8223,8223,2594,145
8224,8224,9579,3105
8225,8225,1781,1097
8226,8226,2563,7288
8227,8227,28,96
8228,8228,5747,3194
8229,8229,9762,5360
8230,8230,2370,6154
8231,8231,410,5577
8232,8232,8664,3976
8233,8233,684,2412
8234,8234,1249,8426
8235,8235,6339,7883
8236,8236,1774,2752
8237,8237,3567,2327
8238,8238,4156,3112
8239,8239,5321,3377
8240,8240,1726,668
8241,8241,261,136
8242,8242,6658,4031
8243,8243,579,9942
8244,8244,6015,3608
8245,8245,9413,7717
8246,8246,9839,1694
8247,8247,1191,2806
8248,8248,5995,2403
8249,8249,3857,8136
8250,8250,8808,327
8251,8251,4424,8234
8252,8252,2769,774
8253,8253,2030,490
8254,8254,1189,4217
8255,8255,8395,5472
8256,8256,1163,4626
8257,8257,7938,3769
8258,8258,3173,6373
8259,8259,7141,5041
8260,8260,865,5498
8261,8261,856,4056
8262,8262,8501,684
8263,8263,5929,7574
8264,8264,3299,439
8265,8265,1076,3152
8266,8266,8631,1992
8267,8267,5252,8099
8268,8268,5218,7889
8269,8269,6478,4089
8270,8270,4843,4804
8271,8271,8039,3375
8272,8272,9315,9241
8273,8273,3628,338
8274,8274,4262,5146
8275,8275,9071,3094
8276,8276,5478,3563
8277,8277,8626,4453
8278,8278,6628,3114
8279,8279,3494,1226
8280,8280,2098,2864
8281,8281,2727,936
8282,8282,325,7978
8283,8283,685,1143
8284,8284,9199,728
8285,8285,997,4870
8286,8286,6578,111
8287,8287,5660,3446
8288,8288,3119,6795
8289,8289,9692,7535
8290,8290,8885,3788
8291,8291,1789,284
8292,8292,6599,5647
8293,8293,1564,7754
8294,8294,2187,6288
8295,8295,8449,6702
8296,8296,6486,2944
8297,8297,7664,6904
8298,8298,2297,762
8299,8299,7710,7468
8300,8300,9873,8723
8301,8301,7161,827
8302,8302,5971,7330
8303,8303,9641,1234
8304,8304,8642,2991
8305,8305,5618,6593
8306,8306,2346,1120
8307,8307,3785,2937
8308,8308,9800,2722
8309,8309,1724,4472
8310,8310,893,5368
8311,8311,7578,3633
8312,8312,1973,4918
8313,8313,5125,1461
8314,8314,9113,9366
8315,8315,8615,2968
8316,8316,8814,1838
8317,8317,7368,7067
8318,8318,9757,6684
8319,8319,986,9713
8320,8320,6260,7298
8321,8321,723,6010
8322,8322,5977,6548
8323,8323,413,9461
8324,8324,7652,1078
8325,8325,3664,2652
8326,8326,2672,3502
8327,8327,6610,8184
8328,8328,2228,2970
8329,8329,4818,7450
8330,8330,442,1833
8331,8331,9855,3125
8332,8332,2528,6839
8333,8333,5081,2571
8334,8334,2197,9996
8335,8335,243,972
8336,8336,2848,51
8337,8337,407,3564
8338,8338,2784,6402
8339,8339,2481,4319
8340,8340,6480,4412
8341,8341,6663,3418
8342,8342,3673,7104
8343,8343,4351,5277
8344,8344,6161,9980
8345,8345,2638,4502
8346,8346,7457,6540
8347,8347,1944,921
8348,8348,4361,3500
8349,8349,2263,5583
8350,8350,9075,9586
8351,8351,4174,7693
8352,8352,3210,1462
8353,8353,9321,4624
8354,8354,5186,887
8355,8355,2401,6502
8356,8356,6797,1999
8357,8357,8164,6066
8358,8358,6466,9107
8359,8359,8442,3772
8360,8360,5403,7787
8361,8361,9848,7068
8362,8362,6476,9518
8363,8363,8835,5911
8364,8364,926,9305
8365,8365,8367,5184
8366,8366,4256,7459
8367,8367,5145,5520
8368,8368,5583,6623
8369,8369,9153,37
8370,8370,6596,350
8371,8371,8748,3287
8372,8372,9142,1122
8373,8373,4784,5095
8374,8374,1739,3277
8375,8375,9837,9102
8376,8376,1965,3545
8377,8377,6026,8835
8378,8378,9693,7105
8379,8379,9378,9694
8380,8380,9568,7803
8381,8381,7973,416
8382,8382,8485,5435
8383,8383,1006,531
8384,8384,8049,7168
8385,8385,9099,2348
8386,8386,3117,1763
8387,8387,8985,2706
8388,8388,8328,271
8389,8389,3338,3559
8390,8390,2777,4205
8391,8391,2838,5917
8392,8392,8173,9930
8393,8393,5557,6175
8394,8394,333,5753
8395,8395,7774,3000
8396,8396,7360,9468
8397,8397,2453,2100
8398,8398,1533,1162
8399,8399,8375,2886
8400,8400,692,9419
8401,8401,7215,497
8402,8402,6859,34
8403,8403,2265,6715
8404,8404,1338,5940
8405,8405,735,9178
8406,8406,4011,2775
8407,8407,2921,8687
8408,8408,5758,6374
8409,8409,5524,4864
8410,8410,1615,533
8411,8411,8069,3855
8412,8412,7059,7645
8413,8413,1416,3761
8414,8414,7259,1380
8415,8415,3225,306
8416,8416,6390,2835
8417,8417,2730,5106
8418,8418,5068,858
8419,8419,114,9505
8420,8420,8861,729
8421,8421,3377,1171
8422,8422,91,4481
8423,8423,8630,3435
8424,8424,815,3658
8425,8425,637,8896
8426,8426,3936,4561
8427,8427,8383,8872
8428,8428,4019,9555
8429,8429,9522,1710
8430,8430,3043,9627
8431,8431,8972,4277
8432,8432,1313,4079
8433,8433,1370,1155
8434,8434,5824,2297
8435,8435,3904,2086
8436,8436,6565,9513
8437,8437,5007,7264
8438,8438,9167,3174
8439,8439,1271,905
8440,8440,9035,1270
8441,8441,6889,4948
8442,8442,9722,8656
8443,8443,7354,8190
8444,8444,7822,9356
8445,8445,8250,4545
8446,8446,5108,6422
8447,8447,8913,6087
8448,8448,9250,8622
8449,8449,538,884
8450,8450,7421,9273
8451,8451,6117,5776
8452,8452,635,5816
8453,8453,8665,5400
8454,8454,3290,4341
8455,8455,8073,1767
8456,8456,9394,4241
8457,8457,9354,6272
8458,8458,833,1872
8459,8459,7269,3432
8460,8460,1773,6821
8461,8461,289,1282
8462,8462,9823,9413
8463,8463,9900,8338
8464,8464,9007,2191
8465,8465,305,3415
8466,8466,2147,4478
8467,8467,5136,892
8468,8468,8518,7042
8469,8469,260,6130
8470,8470,896,5219
8471,8471,9843,1013
8472,8472,7,8344
8473,8473,124,5329
8474,8474,6617,5084
8475,8475,6066,5824
8476,8476,1521,8025
8477,8477,6403,5802
8478,8478,9384,7812
8479,8479,129,7972
8480,8480,6514,9582
8481,8481,9094,6906
8482,8482,4356,7691
8483,8483,2111,8393
8484,8484,1218,2195
8485,8485,8483,6791
8486,8486,7533,9780
8487,8487,4561,2718
8488,8488,7881,6394
8489,8489,4485,3594
8490,8490,2788,9274
8491,8491,4641,1291
8492,8492,8898,5446
8493,8493,4426,3845
8494,8494,9485,9113
8495,8495,3700,6249
8496,8496,5203,7139
8497,8497,5335,6215
8498,8498,4049,8632
8499,8499,2121,4463
8500,8500,903,357
8501,8501,1952,3255
8502,8502,4589,3299
8503,8503,8649,8198
8504,8504,1499,7123
8505,8505,6863,9924
8506,8506,5151,3590
8507,8507,7069,5616
8508,8508,8373,665
8509,8509,6350,3088
8510,8510,1102,8824
8511,8511,5507,5785
8512,8512,7608,7319
8513,8513,4520,4788
8514,8514,757,2208
8515,8515,9232,9384
8516,8516,4754,8600
8517,8517,4491,6859
8518,8518,703,9246
8519,8519,7449,3386
8520,8520,7643,2875
8521,8521,6656,8181
8522,8522,5058,369
8523,8523,3694,2831
8524,8524,3614,8167
8525,8525,2880,2029
8526,8526,7536,980
8527,8527,1297,3417
8528,8528,3057,2868
8529,8529,4390,604
8530,8530,3187,9114
8531,8531,1456,9021
8532,8532,5418,2382
8533,8533,3912,3748
8534,8534,5199,9480
8535,8535,4289,1780
8536,8536,9280,1511
8537,8537,3524,4553
8538,8538,9516,6719
8539,8539,6158,4109
8540,8540,6496,9788
8541,8541,9617,277
8542,8542,9663,3778
8543,8543,7086,6033
8544,8544,7145,4137
8545,8545,9533,9063
8546,8546,4688,143
8547,8547,7058,1789
8548,8548,5042,2021
8549,8549,2938,657
8550,8550,4940,3389
8551,8551,3259,3067
8552,8552,2167,1653
8553,8553,6451,4226
8554,8554,2829,2943
8555,8555,5752,5000
8556,8556,7776,7273
8557,8557,629,6662
8558,8558,1986,9583
8559,8559,146,6914
8560,8560,9209,6944
8561,8561,3496,6712
8562,8562,4559,9037
8563,8563,3401,341
8564,8564,3695,4238
8565,8565,6925,1881
8566,8566,3980,8160
8567,8567,9457,8305
8568,8568,8803,1806
8569,8569,1993,7673
8570,8570,5831,4066
8571,8571,1970,8325
8572,8572,6609,2464
8573,8573,7750,1755
8574,8574,2387,297
8575,8575,7740,6898
8576,8576,647,8799
8577,8577,857,2904
8578,8578,7630,9533
8579,8579,7100,3288
8580,8580,340,7334
8581,8581,1325,3978
8582,8582,6595,4962
8583,8583,5642,8906
8584,8584,4161,6308
8585,8585,3307,9486
8586,8586,5948,3006
8587,8587,5607,6234
8588,8588,1020,4846
8589,8589,7027,8002
8590,8590,8005,8301
8591,8591,8065,8953
8592,8592,5863,6501
8593,8593,700,1688
8594,8594,3586,3980
8595,8595,5477,8395
8596,8596,6748,6896
8597,8597,9234,5942
8598,8598,9131,1300
8599,8599,4145,8750
8600,8600,1536,2858
8601,8601,9170,122
8602,8602,454,7557
8603,8603,3310,1016
8604,8604,5163,5405
8605,8605,492,988
8606,8606,185,9834
8607,8607,9909,9425
8608,8608,3301,3298
8609,8609,9253,6408
8610,8610,7127,1905
8611,8611,4769,7230
8612,8612,1113,3679
8613,8613,775,803
8614,8614,8839,8326
8615,8615,9342,4285
8616,8616,4652,8635
8617,8617,5180,5152
8618,8618,7844,8446
8619,8619,1177,16
8620,8620,6789,4169
8621,8621,4234,8207
8622,8622,2024,3212
8623,8623,5028,473
8624,8624,3405,401
8625,8625,1693,1304
8626,8626,6432,8347
8627,8627,7442,4787
8628,8628,4394,4447
8629,8629,2487,934
8630,8630,5003,3032
8631,8631,8793,5237
8632,8632,8640,2507
8633,8633,4522,5552
8634,8634,3708,7007
8635,8635,9491,4195
8636,8636,806,7170
8637,8637,4701,2678
8638,8638,2216,872
8639,8639,1058,2310
8640,8640,7761,4128
8641,8641,5892,2154
8642,8642,2916,3471
8643,8643,9398,9397
8644,8644,3130,8431
8645,8645,5949,1351
8646,8646,7715,8390
8647,8647,4118,4281
8648,8648,6395,3412
8649,8649,9420,3429
8650,8650,8978,6521
8651,8651,3181,6327
8652,8652,2452,7605
8653,8653,9389,9125
8654,8654,2255,3250
8655,8655,5697,9388
8656,8656,7601,9150
8657,8657,3688,9188
8658,8658,9505,8621
8659,8659,1822,7456
8660,8660,4974,114
8661,8661,1520,9149
8662,8662,9705,5438
8663,8663,5573,8231
8664,8664,3185,3361
8665,8665,3585,6450
8666,8666,4529,9781
8667,8667,1519,6908
8668,8668,6013,867
8669,8669,8753,2550
8670,8670,1223,3771
8671,8671,6404,4658
8672,8672,5888,3343
8673,8673,1262,6831
8674,8674,6326,1848
8675,8675,7640,758
8676,8676,3167,5904
8677,8677,1688,9671
8678,8678,508,5499
8679,8679,4835,1598
8680,8680,2608,1874
8681,8681,5265,3179
8682,8682,3367,78
8683,8683,2469,2812
8684,8684,8582,129
8685,8685,7569,4594
8686,8686,4419,1306
8687,8687,3140,7400
8688,8688,7041,7949
8689,8689,2109,9856
8690,8690,1548,7655
8691,8691,4709,487
8692,8692,13,5772
8693,8693,2407,9914
8694,8694,9986,5319
8695,8695,7831,4110
8696,8696,6759,770
8697,8697,7428,3674
8698,8698,1122,3812
8699,8699,799,8582
8700,8700,6507,5965
8701,8701,2703,2049
8702,8702,4382,1649
8703,8703,2450,5353
8704,8704,5105,1805
8705,8705,9416,9609
8706,8706,836,4131
8707,8707,3115,1210
8708,8708,7228,5477
8709,8709,6078,9863
8710,8710,6700,5322
8711,8711,4703,8104
8712,8712,392,6883
8713,8713,7222,5697
8714,8714,2243,2385
8715,8715,602,1485
8716,8716,6359,6070
8717,8717,1176,2296
8718,8718,1718,6219
8719,8719,1094,8358
8720,8720,1909,13
8721,8721,3758,2866
8722,8722,6854,117
8723,8723,1771,9371
8724,8724,2079,9407
8725,8725,4736,8624
8726,8726,890,9542
8727,8727,8456,2512
8728,8728,1689,3530
8729,8729,7473,5686
8730,8730,6014,9439
8731,8731,814,3025
8732,8732,2892,2962
8733,8733,3749,62
8734,8734,1276,8422
8735,8735,9673,2178
8736,8736,9348,7714
8737,8737,3379,8257
8738,8738,36,4558
8739,8739,4216,6624
8740,8740,4915,5873
8741,8741,6290,1957
8742,8742,4286,5895
8743,8743,9119,7455
8744,8744,5420,1460
8745,8745,1903,7302
8746,8746,895,8682
8747,8747,4816,4424
8748,8748,379,5735
8749,8749,721,6482
8750,8750,7634,2280
8751,8751,6772,679
8752,8752,5901,8464
8753,8753,164,787
8754,8754,7861,2268
8755,8755,4113,2922
8756,8756,8902,592
8757,8757,6329,8578
8758,8758,8890,2291
8759,8759,236,1400
8760,8760,5869,4072
8761,8761,9198,6823
8762,8762,5315,6927
8763,8763,9882,6223
8764,8764,7054,2650
8765,8765,6105,5155
8766,8766,1744,6701
8767,8767,6165,6397
8768,8768,7565,2404
8769,8769,6951,6121
8770,8770,6651,7363
8771,8771,5512,7399
8772,8772,2011,8291
8773,8773,5213,9349
8774,8774,5531,3723
8775,8775,3245,7737
8776,8776,31,8492
8777,8777,4043,4675
8778,8778,1807,5573
8779,8779,5100,3408
8780,8780,4349,1397
8781,8781,9958,3444
8782,8782,8473,5867
8783,8783,5862,2043
8784,8784,2670,8387
8785,8785,7237,8279
8786,8786,3406,8820
8787,8787,4269,6549
8788,8788,6773,9278
8789,8789,4753,9765
8790,8790,7538,5987
8791,8791,8639,5919
8792,8792,4124,9110
8793,8793,9128,3931
8794,8794,4146,4020
8795,8795,6865,375
8796,8796,8643,5090
8797,8797,2970,5600
8798,8798,8581,1878
8799,8799,3832,5628
8800,8800,5091,7449
8801,8801,6994,886
8802,8802,5229,9850
8803,8803,4328,9845
8804,8804,1356,4506
8805,8805,6725,8841
8806,8806,1242,6395
8807,8807,5978,8407
8808,8808,3709,4986
8809,8809,1676,564
8810,8810,7121,229
8811,8811,4229,7508
8812,8812,5038,9258
8813,8813,2320,4438
8814,8814,179,7047
8815,8815,9033,8673
8816,8816,5735,6428
8817,8817,1785,4482
8818,8818,6956,4116
8819,8819,4064,998
8820,8820,8584,7719
8821,8821,4190,7799
8822,8822,1125,265
8823,8823,7014,2933
8824,8824,2972,1737
8825,8825,6678,5394
8826,8826,9077,1445
8827,8827,1614,1926
8828,8828,5759,4002
8829,8829,7791,2279
8830,8830,7353,6643
8831,8831,1005,8968
8832,8832,8157,8101
8833,8833,7238,7341
8834,8834,1027,1309
8835,8835,6931,3470
8836,8836,7598,465
8837,8837,337,5
8838,8838,1493,8413
8839,8839,2145,171
8840,8840,6940,8821
8841,8841,1631,2608
8842,8842,7639,7138
8843,8843,7264,4113
8844,8844,2447,683
8845,8845,3878,206
8846,8846,5675,9376
8847,8847,1418,1552
8848,8848,2041,7666
8849,8849,2967,3708
8850,8850,5585,2285
8851,8851,7957,5479
8852,8852,3124,839
8853,8853,1728,3014
8854,8854,1630,9665
8855,8855,6780,9995
8856,8856,7551,9381
8857,8857,2468,5093
8858,8858,5599,617
8859,8859,1086,2085
8860,8860,1584,6979
8861,8861,56,7475
8862,8862,5088,2876
8863,8863,5262,3793
8864,8864,3850,5257
8865,8865,6821,1505
8866,8866,1613,9219
8867,8867,8452,9435
8868,8868,9822,7515
8869,8869,7493,8604
8870,8870,2017,8931
8871,8871,6513,6420
8872,8872,3561,2754
8873,8873,1915,4375
8874,8874,9724,5470
8875,8875,9092,5191
8876,8876,509,9978
8877,8877,6127,4799
8878,8878,3104,7573
8879,8879,8405,4972
8880,8880,7134,4379
8881,8881,2577,2410
8882,8882,7747,3553
8883,8883,6448,8722
8884,8884,8036,6002
8885,8885,2864,7255
8886,8886,3527,3870
8887,8887,3868,1486
8888,8888,1752,2333
8889,8889,477,1311
8890,8890,9717,4405
8891,8891,6191,5736
8892,8892,3997,7918
8893,8893,5967,1920
8894,8894,6347,1809
8895,8895,7033,7074
8896,8896,8612,2510
8897,8897,6902,3204
8898,8898,221,1202
8899,8899,3613,2597
8900,8900,8613,4401
8901,8901,6382,5674
8902,8902,5746,1605
8903,8903,5737,5730
8904,8904,8290,181
8905,8905,9540,3185
8906,8906,8370,4497
8907,8907,8763,6973
8908,8908,3699,7495
8909,8909,6783,719
8910,8910,4881,7376
8911,8911,5528,3322
8912,8912,8418,745
8913,8913,592,2564
8914,8914,5031,1385
8915,8915,969,9891
8916,8916,8141,1332
8917,8917,6146,7406
8918,8918,7288,5465
8919,8919,2048,7280
8920,8920,7053,6832
8921,8921,2782,6132
8922,8922,4920,7770
8923,8923,3201,4015
8924,8924,613,9853
8925,8925,4948,8310
8926,8926,8334,8878
8927,8927,2877,9267
8928,8928,3974,6232
8929,8929,7408,6591
8930,8930,5695,1850
8931,8931,9453,601
8932,8932,6193,7811
8933,8933,8818,4237
8934,8934,9634,442
8935,8935,4962,9271
8936,8936,3402,7076
8937,8937,6465,5284
8938,8938,8789,7893
8939,8939,5492,7674
8940,8940,2104,8838
8941,8941,6310,5505
8942,8942,3765,3817
8943,8943,1663,2536
8944,8944,2717,4306
8945,8945,5331,3603
8946,8946,3683,468
8947,8947,6608,8992
8948,8948,4824,2415
8949,8949,3495,3157
8950,8950,3351,4165
8951,8951,501,6960
8952,8952,1665,5993
8953,8953,9164,1948
8954,8954,5130,1715
8955,8955,4856,2606
8956,8956,7692,1698
8957,8957,6724,3362
8958,8958,7306,378
8959,8959,4110,411
8960,8960,4872,8978
8961,8961,7274,3489
8962,8962,7188,2677
8963,8963,4484,4307
8964,8964,6311,4547
8965,8965,1118,1374
8966,8966,7271,2211
8967,8967,5320,4983
8968,8968,3726,9437
8969,8969,1576,243
8970,8970,1990,9478
8971,8971,7275,1867
8972,8972,82,1126
8973,8973,6244,6396
8974,8974,2466,4418
8975,8975,4841,1271
8976,8976,7279,4120
8977,8977,9662,9866
8978,8978,4129,6930
8979,8979,6679,1673
8980,8980,2418,7008
8981,8981,5096,1331
8982,8982,8641,3499
8983,8983,65,3694
8984,8984,2083,9847
8985,8985,1106,3089
8986,8986,1853,5921
8987,8987,7833,8660
8988,8988,8234,5352
8989,8989,2607,1277
8990,8990,7724,5701
8991,8991,3975,383
8992,8992,1590,2797
8993,8993,7506,692
8994,8994,2875,3248
8995,8995,5612,1021
8996,8996,467,1593
8997,8997,171,319
8998,8998,8704,5066
8999,8999,5027,1214
9000,9000,2943,636
9001,9001,4976,6486
9002,9002,4010,2885
9003,9003,6180,960
9004,9004,1893,147
9005,9005,9059,6706
9006,9006,4133,4598
9007,9007,344,3010
9008,9008,1363,9152
9009,9009,9643,7625
9010,9010,9351,1821
9011,9011,5547,3702
9012,9012,6858,5081
9013,9013,8159,7353
9014,9014,1467,891
9015,9015,6218,7387
9016,9016,24,3652
9017,9017,2272,5976
9018,9018,1890,5595
9019,9019,9013,6581
9020,9020,8109,735
9021,9021,2878,4283
9022,9022,5282,1145
9023,9023,2440,5461
9024,9024,7771,3773
9025,9025,3984,9611
9026,9026,8467,7624
9027,9027,2134,1266
9028,9028,1217,2470
9029,9029,5641,4947
9030,9030,310,5741
9031,9031,1514,9121
9032,9032,7669,99
9033,9033,2767,1994
9034,9034,4569,1782
9035,9035,6550,9685
9036,9036,5522,6037
9037,9037,8271,1725
9038,9038,3266,5971
9039,9039,2696,6710
9040,9040,3881,8874
9041,9041,2811,8041
9042,9042,2924,8513
9043,9043,7227,3925
9044,9044,1464,4450
9045,9045,6321,1444
9046,9046,6774,6231
9047,9047,247,3979
9048,9048,515,7849
9049,9049,3969,6072
9050,9050,1432,9411
9051,9051,7602,256
9052,9052,6438,7957
9053,9053,8794,9785
9054,9054,3740,6818
9055,9055,5767,1777
9056,9056,8874,2685
9057,9057,872,5043
9058,9058,8114,1159
9059,9059,3899,5210
9060,9060,8850,3258
9061,9061,9430,109
9062,9062,8969,2463
9063,9063,2745,3456
9064,9064,8954,877
9065,9065,1168,5496
9066,9066,4249,5684
9067,9067,7723,5703
9068,9068,714,933
9069,9069,4700,387
9070,9070,119,9045
9071,9071,3352,6196
9072,9072,4573,6456
9073,9073,1073,3403
9074,9074,9483,9040
9075,9075,1492,6346
9076,9076,4772,975
9077,9077,770,2590
9078,9078,7888,1394
9079,9079,3113,9228
9080,9080,567,6987
9081,9081,8445,449
9082,9082,7650,6183
9083,9083,9532,2851
9084,9084,582,12
9085,9085,9437,3107
9086,9086,7330,5926
9087,9087,1895,1388
9088,9088,9130,222
9089,9089,595,6118
9090,9090,2746,4707
9091,9091,9366,1721
9092,9092,1385,2458
9093,9093,6131,3013
9094,9094,4364,6918
9095,9095,8597,4890
9096,9096,2768,2649
9097,9097,4303,5513
9098,9098,837,9602
9099,9099,3221,8163
9100,9100,4002,3764
9101,9101,94,116
9102,9102,6568,3264
9103,9103,6814,2461
9104,9104,1731,8801
9105,9105,1819,3557
9106,9106,6642,4367
9107,9107,9287,1177
9108,9108,2786,4087
9109,9109,9087,8904
9110,9110,1244,3419
9111,9111,3552,7228
9112,9112,6037,6361
9113,9113,2001,8308
9114,9114,8689,3352
9115,9115,2725,6841
9116,9116,8519,9262
9117,9117,5791,5659
9118,9118,430,6724
9119,9119,7073,2614
9120,9120,4379,4139
9121,9121,5142,1768
9122,9122,8541,184
9123,9123,3949,5848
9124,9124,4827,2418
9125,9125,2298,6956
9126,9126,7625,3983
9127,9127,8675,8126
9128,9128,557,7939
9129,9129,6303,784
9130,9130,3580,3306
9131,9131,8174,3688
9132,9132,267,9329
9133,9133,9903,9202
9134,9134,7910,8889
9135,9135,9466,9469
9136,9136,7803,7108
9137,9137,1863,3026
9138,9138,3090,6534
9139,9139,7184,6111
9140,9140,3019,2891
9141,9141,4083,5416
9142,9142,8011,2311
9143,9143,676,1808
9144,9144,6862,5387
9145,9145,5121,588
9146,9146,9613,6650
9147,9147,3906,6436
9148,9148,6554,773
9149,9149,3973,7838
9150,9150,7678,7544
9151,9151,5279,1222
9152,9152,3965,489
9153,9153,9372,4246
9154,9154,5030,3858
9155,9155,2510,2761
9156,9156,5487,666
9157,9157,1960,4966
9158,9158,8533,7627
9159,9159,1165,908
9160,9160,756,8784
9161,9161,298,6378
9162,9162,9629,3911
9163,9163,8761,9881
9164,9164,2755,2570
9165,9165,1505,556
9166,9166,6419,8247
9167,9167,1722,3033
9168,9168,435,5181
9169,9169,2200,2520
9170,9170,5216,4575
9171,9171,9300,7835
9172,9172,359,3938
9173,9173,8860,3244
9174,9174,7841,9343
9175,9175,7486,7025
9176,9176,6328,3226
9177,9177,1782,5455
9178,9178,7412,640
9179,9179,8644,7480
9180,9180,1150,9155
9181,9181,686,1046
9182,9182,1319,3967
9183,9183,609,2450
9184,9184,4862,6062
9185,9185,4523,4049
9186,9186,1610,1352
9187,9187,8688,1033
9188,9188,8608,6778
9189,9189,8947,3304
9190,9190,5667,2965
9191,9191,7676,583
9192,9192,7552,9157
9193,9193,9228,645
9194,9194,4175,5417
9195,9195,9508,7810
9196,9196,9178,2745
9197,9197,790,2374
9198,9198,6183,5661
9199,9199,9806,2790
9200,9200,5881,8877
9201,9201,3646,5557
9202,9202,9169,3346
9203,9203,2359,5389
9204,9204,1760,8447
9205,9205,9569,9704
9206,9206,7998,1521
9207,9207,5802,8555
9208,9208,4474,6538
9209,9209,7539,2363
9210,9210,8536,1337
9211,9211,7808,393
9212,9212,156,2844
9213,9213,6525,119
9214,9214,5983,4991
9215,9215,4704,4751
9216,9216,4402,5064
9217,9217,2373,6079
9218,9218,8960,1204
9219,9219,499,5506
9220,9220,7010,590
9221,9221,3101,8985
9222,9222,7103,8721
9223,9223,3335,5216
9224,9224,2820,4926
9225,9225,1886,4037
9226,9226,9556,7530
9227,9227,5798,1194
9228,9228,1291,9417
9229,9229,1898,5669
9230,9230,9795,2967
9231,9231,3457,6372
9232,9232,1503,7695
9233,9233,7893,2902
9234,9234,9158,5673
9235,9235,7216,433
9236,9236,5057,5421
9237,9237,9405,9038
9238,9238,5950,6226
9239,9239,7526,2089
9240,9240,6933,595
9241,9241,6913,4806
9242,9242,8779,5535
9243,9243,2597,8675
9244,9244,6100,3600
9245,9245,3485,3808
9246,9246,8102,1844
9247,9247,3680,4384
9248,9248,3950,9106
9249,9249,2796,9734
9250,9250,3267,8056
9251,9251,7096,5156
9252,9252,6927,481
9253,9253,1475,7564
9254,9254,3134,5782
9255,9255,8245,3238
9256,9256,2683,6418
9257,9257,460,3339
9258,9258,5386,8264
9259,9259,4214,3173
9260,9260,5783,6567
9261,9261,1550,7276
9262,9262,953,7629
9263,9263,123,8186
9264,9264,7714,722
9265,9265,659,9984
9266,9266,8326,5860
9267,9267,2386,4888
9268,9268,5316,2816
9269,9269,2539,9006
9270,9270,6664,1695
9271,9271,7629,7528
9272,9272,1507,4154
9273,9273,8892,7365
9274,9274,5966,3809
9275,9275,8430,3961
9276,9276,3619,6332
9277,9277,4925,9362
9278,9278,475,3643
9279,9279,8946,8436
9280,9280,8023,6290
9281,9281,6781,9475
9282,9282,9807,8218
9283,9283,3041,3974
9284,9284,878,4253
9285,9285,3056,1953
9286,9286,2757,5706
9287,9287,7492,5291
9288,9288,2096,3293
9289,9289,9971,2424
9290,9290,8852,7979
9291,9291,4383,2030
9292,9292,2280,873
9293,9293,2932,6867
9294,9294,4904,2090
9295,9295,4593,3422
9296,9296,565,8307
9297,9297,1000,9629
9298,9298,2150,1375
9299,9299,2358,3448
9300,9300,2508,7416
9301,9301,9032,3247
9302,9302,2490,8368
9303,9303,3097,3970
9304,9304,9525,6620
9305,9305,8727,1193
9306,9306,6422,1142
9307,9307,5959,5175
9308,9308,9761,5457
9309,9309,9156,3406
9310,9310,2239,2433
9311,9311,8004,3924
9312,9312,4434,2956
9313,9313,3461,2204
9314,9314,8416,4738
9315,9315,9510,9033
9316,9316,8627,1141
9317,9317,8323,6542
9318,9318,7028,3449
9319,9319,3435,1041
9320,9320,3946,9901
9321,9321,7599,3989
9322,9322,473,9248
9323,9323,3519,8672
9324,9324,1742,9746
9325,9325,6272,8191
9326,9326,8528,6654
9327,9327,8650,1712
9328,9328,4218,5829
9329,9329,2856,4136
9330,9330,9208,7659
9331,9331,1279,1707
9332,9332,2968,6693
9333,9333,5899,4830
9334,9334,5564,8540
9335,9335,5209,3018
9336,9336,8015,8770
9337,9337,5326,1077
9338,9338,8559,2818
9339,9339,8349,557
9340,9340,1486,4251
9341,9341,7906,2240
9342,9342,4892,2483
9343,9343,8720,2386
9344,9344,8338,4499
9345,9345,1057,4969
9346,9346,6731,8028
9347,9347,887,958
9348,9348,3576,2137
9349,9349,4981,8491
9350,9350,6552,2317
9351,9351,8393,7861
9352,9352,4483,5518
9353,9353,6021,626
9354,9354,3256,7909
9355,9355,7636,4203
9356,9356,4159,9474
9357,9357,5999,685
9358,9358,7875,6188
9359,9359,356,3595
9360,9360,2182,1438
9361,9361,8028,9378
9362,9362,601,2871
9363,9363,4097,1640
9364,9364,5358,8440
9365,9365,8000,9001
9366,9366,4183,4759
9367,9367,7859,4714
9368,9368,5207,4261
9369,9369,5692,1869
9370,9370,5628,755
9371,9371,5591,893
9372,9372,7713,8245
9373,9373,9751,7852
9374,9374,8411,2420
9375,9375,9015,6661
9376,9376,3035,6515
9377,9377,728,985
9378,9378,6873,8991
9379,9379,4438,992
9380,9380,463,4067
9381,9381,1770,7559
9382,9382,2183,2344
9383,9383,9161,1990
9384,9384,8549,7874
9385,9385,6832,1417
9386,9386,9299,5388
9387,9387,1380,2878
9388,9388,5069,8288
9389,9389,2798,8153
9390,9390,3381,9345
9391,9391,7593,3345
9392,9392,3594,2503
9393,9393,5406,4524
9394,9394,2553,3653
9395,9395,1566,8121
9396,9396,9607,6568
9397,9397,9558,4130
9398,9398,3074,9244
9399,9399,9726,7916
9400,9400,1294,9637
9401,9401,6052,300
9402,9402,4536,5854
9403,9403,8436,1301
9404,9404,7489,3141
9405,9405,3427,4940
9406,9406,291,6807
9407,9407,5351,4898
9408,9408,4401,8040
9409,9409,9860,9183
9410,9410,3602,1324
9411,9411,9576,4670
9412,9412,192,2699
9413,9413,5550,5533
9414,9414,7912,1793
9415,9415,7797,6431
9416,9416,6793,8364
9417,9417,5472,6822
9418,9418,2139,4126
9419,9419,4131,6782
9420,9420,9157,9426
9421,9421,4375,124
9422,9422,172,8893
9423,9423,2833,4582
9424,9424,6549,9080
9425,9425,983,4967
9426,9426,5414,7667
9427,9427,5769,5623
9428,9428,6953,1794
9429,9429,3439,2006
9430,9430,8465,15
9431,9431,8952,4177
9432,9432,8104,1820
9433,9433,1556,4906
9434,9434,5518,7018
9435,9435,6711,1745
9436,9436,5393,3691
9437,9437,9006,8551
9438,9438,355,1147
9439,9439,6544,4501
9440,9440,6573,2216
9441,9441,7504,4249
9442,9442,9410,6085
9443,9443,4808,4272
9444,9444,4389,875
9445,9445,2019,1756
9446,9446,9196,2924
9447,9447,2350,3108
9448,9448,5435,6598
9449,9449,3838,5037
9450,9450,4393,95
9451,9451,8931,7858
9452,9452,2381,148
9453,9453,4319,9174
9454,9454,7281,5817
9455,9455,9877,3402
9456,9456,5243,4979
9457,9457,1930,484
9458,9458,5389,1498
9459,9459,4384,1089
9460,9460,7066,6409
9461,9461,2090,7773
9462,9462,9282,2375
9463,9463,7236,7113
9464,9464,2529,9308
9465,9465,3487,2162
9466,9466,6252,258
9467,9467,6712,8963
9468,9468,5736,7975
9469,9469,5710,2692
9470,9470,3607,1409
9471,9471,7585,4946
9472,9472,3219,6163
9473,9473,2895,8377
9474,9474,5139,7854
9475,9475,6603,6511
9476,9476,8080,9736
9477,9477,5287,7409
9478,9478,5434,4005
9479,9479,9200,1249
9480,9480,8294,4492
9481,9481,7087,6647
9482,9482,5324,8746
9483,9483,2758,3340
9484,9484,3703,9403
9485,9485,4346,3058
9486,9486,5112,4546
9487,9487,8107,6966
9488,9488,1439,1540
9489,9489,1131,807
9490,9490,1352,4258
9491,9491,5654,644
9492,9492,7470,4071
9493,9493,5876,8960
9494,9494,4047,1557
9495,9495,8502,4555
9496,9496,9102,4060
9497,9497,1981,5555
9498,9498,8171,4515
9499,9499,7772,469
9500,9500,5698,9549
9501,9501,1925,4609
9502,9502,4939,3986
9503,9503,4301,8999
9504,9504,6245,1515
9505,9505,1198,2364
9506,9506,1759,8382
9507,9507,7939,87
9508,9508,5345,177
9509,9509,9715,1050
9510,9510,2072,642
9511,9511,4065,135
9512,9512,2526,6116
9513,9513,8718,2516
9514,9514,3542,8618
9515,9515,4958,9670
9516,9516,6029,3421
9517,9517,1042,7131
9518,9518,6136,5295
9519,9519,32,1169
9520,9520,8437,3172
9521,9521,1911,3813
9522,9522,9633,4076
9523,9523,2685,1124
9524,9524,2371,211
9525,9525,8832,282
9526,9526,5155,7786
9527,9527,2942,2023
9528,9528,483,279
9529,9529,8457,1236
9530,9530,2799,8785
9531,9531,8804,6382
9532,9532,5827,7327
9533,9533,6924,4789
9534,9534,7864,3754
9535,9535,154,9282
9536,9536,3091,747
9537,9537,6367,1424
9538,9538,2195,7608
9539,9539,5852,8860
9540,9540,4678,7189
9541,9541,9623,6543
9542,9542,4838,4150
9543,9543,4799,904
9544,9544,2657,474
9545,9545,3109,1287
9546,9546,681,3777
9547,9547,5085,1372
9548,9548,4283,2598
9549,9549,8970,8716
9550,9550,5465,9820
9551,9551,6376,7216
9552,9552,2324,2098
9553,9553,1401,7150
9554,9554,1719,810
9555,9555,8335,5890
9556,9556,2589,2936
9557,9557,8463,4951
9558,9558,8830,4843
9559,9559,6235,6976
9560,9560,6443,9913
9561,9561,9859,1315
9562,9562,9381,3801
9563,9563,5025,5789
9564,9564,9541,9337
9565,9565,3557,1842
9566,9566,8739,4317
9567,9567,300,6996
9568,9568,1650,4309
9569,9569,2260,9631
9570,9570,4342,3342
9571,9571,8957,9482
9572,9572,6107,316
9573,9573,4899,8085
9574,9574,1379,3083
9575,9575,2827,9133
9576,9576,614,4102
9577,9577,6690,496
9578,9578,9929,8084
9579,9579,5807,8932
9580,9580,87,3084
9581,9581,7943,2887
9582,9582,2519,3687
9583,9583,6726,1500
9584,9584,2593,3835
9585,9585,3078,4111
9586,9586,5114,6358
9587,9587,9512,68
9588,9588,7767,1892
9589,9589,8991,3290
9590,9590,7496,9025
9591,9591,7524,3742
9592,9592,5883,3028
9593,9593,6139,1421
9594,9594,3292,6949
9595,9595,5630,7083
9596,9596,4518,3875
9597,9597,9201,941
9598,9598,3809,8159
9599,9599,9899,1283
9600,9600,6538,9015
9601,9601,2471,9181
9602,9602,8333,6707
9603,9603,3634,2708
9604,9604,955,7996
9605,9605,7709,6977
9606,9606,3978,5563
9607,9607,186,4818
9608,9608,921,4901
9609,9609,5201,5796
9610,9610,8527,3552
9611,9611,5582,9902
9612,9612,4345,3242
9613,9613,8422,1931
9614,9614,9686,9790
9615,9615,9060,3420
9616,9616,2937,6603
9617,9617,1465,9059
9618,9618,2271,7051
9619,9619,5156,580
9620,9620,4322,659
9621,9621,6846,7002
9622,9622,7845,2149
9623,9623,8866,8730
9624,9624,4535,6945
9625,9625,271,701
9626,9626,382,5238
9627,9627,3739,6497
9628,9628,2419,9182
9629,9629,4177,6726
9630,9630,6502,6963
9631,9631,9091,7690
9632,9632,8869,8823
9633,9633,465,180
9634,9634,8895,2161
9635,9635,3005,7234
9636,9636,2051,4891
9637,9637,3597,5512
9638,9638,6897,6379
9639,9639,3920,8537
9640,9640,6179,4933
9641,9641,6293,423
9642,9642,6804,5015
9643,9643,5832,6780
9644,9644,2069,9016
9645,9645,9472,2077
9646,9646,6959,9679
9647,9647,471,9083
9648,9648,4951,5486
9649,9649,5800,1968
9650,9650,8562,9988
9651,9651,2059,5174
9652,9652,611,4391
9653,9653,1937,9728
9654,9654,2010,3699
9655,9655,2656,4161
9656,9656,1844,2769
9657,9657,919,2563
9658,9658,9189,1855
9659,9659,3234,5962
9660,9660,5611,5514
9661,9661,8882,10
9662,9662,332,4295
9663,9663,9594,3722
9664,9664,5224,9808
9665,9665,6826,3685
9666,9666,4865,8797
9667,9667,2004,7675
9668,9668,4744,8745
9669,9669,5415,1681
9670,9670,4610,3165
9671,9671,387,3517
9672,9672,7155,8278
9673,9673,944,536
9674,9674,5837,4243
9675,9675,4782,990
9676,9676,6374,7672
9677,9677,4121,334
9678,9678,8212,7593
9679,9679,6130,7317
9680,9680,1956,2577
9681,9681,6981,5341
9682,9682,7580,4676
9683,9683,3532,4589
9684,9684,5178,4445
9685,9685,6622,5527
9686,9686,622,3145
9687,9687,7471,4403
9688,9688,5160,8593
9689,9689,5739,7551
9690,9690,9445,4046
9691,9691,9194,1932
9692,9692,1537,2883
9693,9693,2015,4608
9694,9694,5077,5172
9695,9695,376,3651
9696,9696,3853,3434
9697,9697,1580,5922
9698,9698,938,9402
9699,9699,252,9519
9700,9700,6791,8685
9701,9701,4211,1491
9702,9702,6744,9283
9703,9703,227,1101
9704,9704,1030,1246
9705,9705,4196,2839
9706,9706,4273,7547
9707,9707,2644,7755
9708,9708,5154,391
9709,9709,4768,1019
9710,9710,1047,4593
9711,9711,9635,5454
9712,9712,4534,2477
9713,9713,5137,9880
9714,9714,8300,7970
9715,9715,1741,3195
9716,9716,3039,3512
9717,9717,5836,8105
9718,9718,990,9436
9719,9719,1737,1467
9720,9720,2806,847
9721,9721,7144,7930
9722,9722,1579,2928
9723,9723,4320,935
9724,9724,1662,7300
9725,9725,2172,584
9726,9726,9105,5464
9727,9727,4392,6281
9728,9728,9221,8193
9729,9729,4828,6291
9730,9730,9336,5004
9731,9731,3513,2258
9732,9732,9306,545
9733,9733,9106,984
9734,9734,4595,3187
9735,9735,1797,5671
9736,9736,3547,8127
9737,9737,8820,7527
9738,9738,9377,9758
9739,9739,9207,3467
9740,9740,5762,1813
9741,9741,2568,516
9742,9742,5766,3869
9743,9743,445,4749
9744,9744,2989,3381
9745,9745,8930,8852
9746,9746,6684,5384
9747,9747,5413,8047
9748,9748,7440,1376
9749,9749,1525,2667
9750,9750,80,5645
9751,9751,3790,817
9752,9752,3511,2437
9753,9753,1549,3369
9754,9754,4486,2804
9755,9755,8596,2370
9756,9756,8638,5058
9757,9757,1967,8708
9758,9758,7284,4106
9759,9759,7897,704
9760,9760,8508,3923
9761,9761,5337,9281
9762,9762,2899,6682
9763,9763,7662,3610
9764,9764,4713,4629
9765,9765,6811,7313
9766,9766,9811,6386
9767,9767,7600,4176
9768,9768,4316,1967
9769,9769,2862,7029
9770,9770,5637,7846
9771,9771,3067,821
9772,9772,4995,9815
9773,9773,6278,7323
9774,9774,1288,8392
9775,9775,6784,3619
9776,9776,8732,7182
9777,9777,6969,7479
9778,9778,4469,5913
9779,9779,6389,1734
9780,9780,3047,9565
9781,9781,2627,9154
9782,9782,2256,6856
9783,9783,8468,3062
9784,9784,3583,7064
9785,9785,8682,6113
9786,9786,2115,1861
9787,9787,335,8678
9788,9788,7927,7748
9789,9789,3088,3893
9790,9790,7402,552
9791,9791,789,5204
9792,9792,8925,5788
9793,9793,741,7144
9794,9794,2840,31
9795,9795,3202,2542
9796,9796,559,3597
9797,9797,6539,7630
9798,9798,8967,2565
9799,9799,1138,4006
9800,9800,3822,7981
9801,9801,7517,4954
9802,9802,5511,1103
9803,9803,7104,5981
9804,9804,3391,2505
9805,9805,8513,8336
9806,9806,9687,2465
9807,9807,2521,5901
9808,9808,2797,5627
9809,9809,9365,7486
9810,9810,7644,7307
9811,9811,8152,3295
9812,9812,1988,8855
9813,9813,5341,1719
9814,9814,7375,2046
9815,9815,4975,2724
9816,9816,5370,9612
9817,9817,7799,9119
9818,9818,8362,2309
9819,9819,419,9295
9820,9820,422,5767
9821,9821,5790,3360
9822,9822,5685,2653
9823,9823,841,6872
9824,9824,1203,8869
9825,9825,6379,209
9826,9826,1738,1241
9827,9827,231,1546
9828,9828,6160,8670
9829,9829,3222,3933
9830,9830,8520,1960
9831,9831,2433,5668
9832,9832,6396,8254
9833,9833,6750,8742
9834,9834,8318,8339
9835,9835,5013,8917
9836,9836,9601,5105
9837,9837,2217,8428
9838,9838,2623,1260
9839,9839,6844,6564
9840,9840,1383,6283
9841,9841,4762,8798
9842,9842,8269,2739
9843,9843,9799,3341
9844,9844,2149,4637
9845,9845,9632,106
9846,9846,7749,5365
9847,9847,3652,4657
9848,9848,8942,6479
9849,9849,2209,7614
9850,9850,8060,2091
9851,9851,9409,5395
9852,9852,9552,3995
9853,9853,5135,1404
9854,9854,84,3158
9855,9855,2535,4699
9856,9856,5853,291
9857,9857,4399,4117
9858,9858,8953,4349
9859,9859,731,4717
9860,9860,1979,4832
9861,9861,4060,2911
9862,9862,3257,912
9863,9863,1360,9700
9864,9864,8955,6673
9865,9865,9513,6796
9866,9866,7392,3906
9867,9867,3,6972
9868,9868,1510,8503
9869,9869,229,8575
9870,9870,7362,6573
9871,9871,2397,4859
9872,9872,6738,967
9873,9873,3188,9805
9874,9874,1583,2773
9875,9875,6064,7223
9876,9876,9948,3745
9877,9877,4365,8881
9878,9878,1053,2302
9879,9879,7850,1744
9880,9880,6975,7000
9881,9881,2999,1672
9882,9882,7420,4620
9883,9883,4240,9298
9884,9884,8440,4291
9885,9885,7183,5428
9886,9886,1611,8782
9887,9887,7498,6076
9888,9888,5188,8253
9889,9889,4752,606
9890,9890,550,8762
9891,9891,9139,6640
9892,9892,7114,7914
9893,9893,8145,1083
9894,9894,8376,2781
9895,9895,7645,4659
9896,9896,7955,6621
9897,9897,4261,6799
9898,9898,3274,2562
9899,9899,5897,2623
9900,9900,8020,6147
9901,9901,8567,8057
9902,9902,7507,4811
9903,9903,9785,4587
9904,9904,2455,9970
9905,9905,542,7634
9906,9906,151,107
9907,9907,4407,1450
9908,9908,4823,4228
9909,9909,3318,8861
9910,9910,7095,3035
9911,9911,6585,8134
9912,9912,7846,4476
9913,9913,8223,285
9914,9914,8980,1030
9915,9915,5040,3436
9916,9916,6587,9786
9917,9917,9171,7418
9918,9918,4112,7284
9919,9919,8939,9801
9920,9920,7690,2187
9921,9921,7484,4369
9922,9922,1999,3592
9923,9923,3750,1870
9924,9924,7898,4855
9925,9925,2333,3192
9926,9926,7701,9186
9927,9927,7035,6471
9928,9928,1680,7477
9929,9929,8572,424
9930,9930,800,5005
9931,9931,2113,4877
9932,9932,3678,3774
9933,9933,9429,3001
9934,9934,415,2491
9935,9935,8486,2662
9936,9936,8404,8150
9937,9937,7851,3041
9938,9938,9240,4122
9939,9939,6880,8004
9940,9940,4237,8017
9941,9941,8595,6946
9942,9942,6523,5544
9943,9943,8045,3844
9944,9944,9833,5539
9945,9945,8296,8485
9946,9946,6970,1991
9947,9947,1907,7533
9948,9948,8166,9803
9949,9949,9084,5931
9950,9950,9596,508
9951,9951,6533,8466
9952,9952,1485,8887
9953,9953,6917,1885
9954,9954,7554,8580
9955,9955,5956,4869
9956,9956,6043,3229
9957,9957,405,365
9958,9958,5062,9340
9959,9959,9460,977
9960,9960,2308,1064
9961,9961,7494,7578
9962,9962,4712,2163
9963,9963,4786,9092
9964,9964,8815,9330
9965,9965,9133,952
9966,9966,1469,4632
9967,9967,5577,1666
9968,9968,1250,1608
9969,9969,8414,8210
9970,9970,6166,8006
9971,9971,5843,9617
9972,9972,5696,6865
9973,9973,4120,3949
9974,9974,6508,7531
9975,9975,3444,5886
9976,9976,5148,3046
9977,9977,8032,5675
9978,9978,188,8350
9979,9979,7367,1713
9980,9980,1606,3578
9981,9981,4706,6063
9982,9982,1814,6722
9983,9983,1322,5339
9984,9984,41,2568
9985,9985,3931,1055
9986,9986,7226,6752
9987,9987,9609,991
9988,9988,8042,8129
9989,9989,8975,2618
9990,9990,9380,2951
9991,9991,6891,1648
9992,9992,9118,7797
9993,9993,9847,7482
9994,9994,3658,5039
9995,9995,1681,5989
9996,9996,8385,5652
9997,9997,8233,1536
9998,9998,5234,7577
9999,9999,1951,3427
